지점,일시,기온(°C),강수량(mm),풍속(m/s),풍향(16방위),습도(%),전운량(10분위)
108,2018-07-01 1:00,22.7,,0.5,110,87,
108,2018-07-01 2:00,22.7,,0.5,70,87,
108,2018-07-01 3:00,22.7,,0.7,110,86,9
108,2018-07-01 4:00,22.7,,0.7,70,85,10
108,2018-07-01 5:00,22.6,0.1,0.5,70,86,10
108,2018-07-01 6:00,22.3,0.4,0.6,140,93,10
108,2018-07-01 7:00,22.1,0.5,0.5,110,89,10
108,2018-07-01 8:00,22.1,1,0.5,110,93,10
108,2018-07-01 9:00,22.1,1.5,0.9,50,94,10
108,2018-07-01 10:00,21.6,12,0.5,140,97,10
108,2018-07-01 11:00,21.2,18.5,1.2,90,97,10
108,2018-07-01 12:00,21.1,7.5,1.2,90,97,10
108,2018-07-01 13:00,21.2,3.5,1.1,110,97,10
108,2018-07-01 14:00,21.5,1,0.7,90,97,10
108,2018-07-01 15:00,21.8,5.5,0.7,70,97,10
108,2018-07-01 16:00,22.2,1,1.1,140,97,10
108,2018-07-01 17:00,22.4,1.5,0.4,0,96,10
108,2018-07-01 18:00,22.2,3.5,1.2,110,96,10
108,2018-07-01 19:00,21.9,5.5,1.2,110,96,10
108,2018-07-01 20:00,21.9,6,1.1,110,97,10
108,2018-07-01 21:00,21.8,3.5,0.6,140,97,10
108,2018-07-01 22:00,21.7,3.5,0.7,140,97,10
108,2018-07-01 23:00,21.5,5,1.5,90,97,10
108,2018-07-02 0:00,21.4,2.5,0.6,70,97,10
108,2018-07-02 1:00,21.3,3,1,90,97,10
108,2018-07-02 2:00,21.2,2,0.8,110,97,10
108,2018-07-02 3:00,21.1,4.5,2.4,160,96,10
108,2018-07-02 4:00,20.8,4,1,90,97,10
108,2018-07-02 5:00,20.7,0.5,0.3,0,97,10
108,2018-07-02 6:00,20.7,1,0.3,0,97,10
108,2018-07-02 7:00,20.7,0.5,0.4,0,97,10
108,2018-07-02 8:00,20.8,1.5,0.4,0,96,10
108,2018-07-02 9:00,21,3,1.3,50,97,10
108,2018-07-02 10:00,21.4,1,0.6,70,97,10
108,2018-07-02 11:00,21.7,8,0.5,70,97,10
108,2018-07-02 12:00,22.4,0,1,50,97,10
108,2018-07-02 13:00,22.6,0.5,0.6,50,97,10
108,2018-07-02 14:00,23.3,0,0.3,0,96,10
108,2018-07-02 15:00,24.2,0,1,50,93,9
108,2018-07-02 16:00,25.2,0,0.9,20,87,10
108,2018-07-02 17:00,25.3,,0.6,50,87,10
108,2018-07-02 18:00,24.9,0,1.9,140,87,10
108,2018-07-02 19:00,24.1,1.5,2.1,160,93,10
108,2018-07-02 20:00,23.5,24,0.1,0,97,10
108,2018-07-02 21:00,23.4,1,0.4,0,98,10
108,2018-07-02 22:00,23.4,2.5,0.3,0,98,10
108,2018-07-02 23:00,23.4,0.5,0.3,0,98,10
108,2018-07-03 0:00,23.2,0.5,0.2,0,98,8
108,2018-07-03 1:00,23.1,0,0,0,98,9
108,2018-07-03 2:00,23,,0.1,0,98,
108,2018-07-03 3:00,22.8,0,0,0,98,9
108,2018-07-03 4:00,22.7,0,0.2,0,97,9
108,2018-07-03 5:00,22.6,,0,0,97,5
108,2018-07-03 6:00,22.6,,0.1,0,95,8
108,2018-07-03 7:00,23.5,,0.2,0,86,8
108,2018-07-03 8:00,24.3,,0.5,70,83,8
108,2018-07-03 9:00,25.7,,0.8,110,76,6
108,2018-07-03 10:00,27.6,,1.6,70,71,2
108,2018-07-03 11:00,29.2,,1.4,140,66,7
108,2018-07-03 12:00,30.1,,1.2,70,64,7
108,2018-07-03 13:00,31.2,,1.3,110,54,6
108,2018-07-03 14:00,31,,1.5,90,56,7
108,2018-07-03 15:00,32,,1.2,90,54,7
108,2018-07-03 16:00,31.3,,1.2,50,52,7
108,2018-07-03 17:00,32.4,,2.2,20,50,5
108,2018-07-03 18:00,32.2,0,1.8,50,57,7
108,2018-07-03 19:00,30.4,0.1,0.9,70,62,7
108,2018-07-03 20:00,28.8,,0.9,20,72,
108,2018-07-03 21:00,27.8,,0.6,360,72,2
108,2018-07-03 22:00,26.9,,0.6,70,78,
108,2018-07-03 23:00,26.4,,0.3,0,78,
108,2018-07-04 0:00,25.9,,0.3,0,79,2
108,2018-07-04 1:00,25.4,,1,250,79,
108,2018-07-04 2:00,25.1,,0.2,0,82,
108,2018-07-04 3:00,24.9,,0.2,0,83,9
108,2018-07-04 4:00,24.7,,0.3,0,82,4
108,2018-07-04 5:00,24.2,,0.2,0,86,2
108,2018-07-04 6:00,24,,0.1,0,84,8
108,2018-07-04 7:00,24.6,,0.5,360,78,8
108,2018-07-04 8:00,26.4,,0.5,270,64,3
108,2018-07-04 9:00,27.4,,0.5,290,68,2
108,2018-07-04 10:00,28.5,,1.5,250,65,5
108,2018-07-04 11:00,30,,2.3,250,60,6
108,2018-07-04 12:00,30.5,,2.5,290,58,7
108,2018-07-04 13:00,31,,2.6,230,60,6
108,2018-07-04 14:00,31.3,,3,290,58,7
108,2018-07-04 15:00,31.1,,3.7,290,57,7
108,2018-07-04 16:00,31.6,,2.7,290,57,4
108,2018-07-04 17:00,31.2,,3.4,270,56,4
108,2018-07-04 18:00,30,,2.5,250,60,8
108,2018-07-04 19:00,28.2,,2.8,270,64,
108,2018-07-04 20:00,27.1,,2.9,290,67,
108,2018-07-04 21:00,26.2,,2.2,200,70,8
108,2018-07-04 22:00,25.1,,2.5,290,73,
108,2018-07-04 23:00,24.7,,1.4,230,74,
108,2018-07-05 0:00,24.2,,1.8,270,77,8
108,2018-07-05 1:00,23.9,,1.7,270,79,
108,2018-07-05 2:00,23.6,,1.5,200,80,
108,2018-07-05 3:00,23.5,,0.9,200,81,9
108,2018-07-05 4:00,23.5,,0.4,0,80,8
108,2018-07-05 5:00,23.5,,0.3,0,80,10
108,2018-07-05 6:00,23.5,0,0.3,0,80,10
108,2018-07-05 7:00,23.5,0.5,0.5,50,90,10
108,2018-07-05 8:00,23.6,0,0.9,50,93,10
108,2018-07-05 9:00,24.2,0,0.9,70,84,10
108,2018-07-05 10:00,25.6,,1.1,20,75,9
108,2018-07-05 11:00,26.3,,1.1,90,71,9
108,2018-07-05 12:00,27,,1.1,340,68,8
108,2018-07-05 13:00,28.1,,1.1,340,67,7
108,2018-07-05 14:00,28.3,,3,290,67,8
108,2018-07-05 15:00,28.8,,0.9,90,66,8
108,2018-07-05 16:00,28.2,,1.7,50,71,7
108,2018-07-05 17:00,27.3,0,0.9,20,76,9
108,2018-07-05 18:00,26.8,0,1.2,110,71,8
108,2018-07-05 19:00,26.7,,1.4,110,69,
108,2018-07-05 20:00,25.8,,1.4,70,68,
108,2018-07-05 21:00,25.2,,1.5,110,67,8
108,2018-07-05 22:00,24.4,,1.6,90,67,
108,2018-07-05 23:00,23.9,,1.5,90,66,
108,2018-07-06 0:00,23.5,,1.9,90,65,8
108,2018-07-06 1:00,23.1,,1.6,90,66,
108,2018-07-06 2:00,22.8,,1.8,90,65,
108,2018-07-06 3:00,22.6,,1.5,90,66,7
108,2018-07-06 4:00,22.6,,0.9,140,66,8
108,2018-07-06 5:00,22.5,,1.5,90,66,8
108,2018-07-06 6:00,22.4,,1.6,70,65,8
108,2018-07-06 7:00,22.6,,1.3,160,63,9
108,2018-07-06 8:00,23.2,,1.7,90,60,8
108,2018-07-06 9:00,23.3,,1.7,110,61,9
108,2018-07-06 10:00,23.7,,1.7,90,59,9
108,2018-07-06 11:00,23.9,,2.1,110,59,9
108,2018-07-06 12:00,25.7,,1.9,90,57,8
108,2018-07-06 13:00,26.2,,2.1,90,53,9
108,2018-07-06 14:00,27,,2.1,70,52,9
108,2018-07-06 15:00,26.9,,2,70,51,9
108,2018-07-06 16:00,26.6,,2.3,50,54,9
108,2018-07-06 17:00,26.6,,2.2,70,52,8
108,2018-07-06 18:00,25.9,,2.1,90,52,9
108,2018-07-06 19:00,25,,2.2,110,52,
108,2018-07-06 20:00,23.8,,2.3,90,55,
108,2018-07-06 21:00,23.1,,2.1,90,54,9
108,2018-07-06 22:00,22.5,,2.1,90,54,
108,2018-07-06 23:00,22,,1.7,90,55,
108,2018-07-07 0:00,21.5,,1.8,110,56,9
108,2018-07-07 1:00,21.1,,2,90,57,
108,2018-07-07 2:00,20.7,,1.5,70,58,
108,2018-07-07 3:00,20.4,,1,50,59,9
108,2018-07-07 4:00,20,,1.8,50,63,9
108,2018-07-07 5:00,19.8,,1.4,50,63,8
108,2018-07-07 6:00,19.5,,1.5,90,61,2
108,2018-07-07 7:00,19.6,,1.6,90,57,1
108,2018-07-07 8:00,21.2,,1.6,90,52,0
108,2018-07-07 9:00,22.6,,1.7,90,51,0
108,2018-07-07 10:00,24,,1.7,110,49,0
108,2018-07-07 11:00,25,,1.5,160,48,1
108,2018-07-07 12:00,26.4,,1.7,50,47,2
108,2018-07-07 13:00,27.5,,2,70,43,4
108,2018-07-07 14:00,28.3,,1.6,70,43,6
108,2018-07-07 15:00,28.7,,1.3,50,42,7
108,2018-07-07 16:00,28.9,,1.6,70,44,7
108,2018-07-07 17:00,28.9,,1.4,70,45,8
108,2018-07-07 18:00,27.8,,1.2,90,48,8
108,2018-07-07 19:00,26.1,,1.4,90,51,
108,2018-07-07 20:00,24.6,,1.7,90,51,
108,2018-07-07 21:00,23.4,,1.4,110,52,1
108,2018-07-07 22:00,22.6,,1.7,110,51,
108,2018-07-07 23:00,21.7,,1.7,90,51,
108,2018-07-08 0:00,20.7,,1.7,90,51,0
108,2018-07-08 1:00,19.9,,1.6,90,52,
108,2018-07-08 2:00,19.3,,1.4,90,54,
108,2018-07-08 3:00,18.8,,1.2,70,56,1
108,2018-07-08 4:00,18.4,,1.1,70,57,0
108,2018-07-08 5:00,18.1,,1.4,90,57,4
108,2018-07-08 6:00,17.8,,1.1,70,58,6
108,2018-07-08 7:00,18.2,,1.2,70,54,7
108,2018-07-08 8:00,19.1,,1.7,70,53,7
108,2018-07-08 9:00,20.8,,1.5,90,51,8
108,2018-07-08 10:00,22.5,,1.6,90,48,8
108,2018-07-08 11:00,23.8,,2.1,90,47,7
108,2018-07-08 12:00,25,,1.9,140,46,7
108,2018-07-08 13:00,26.1,,1.8,90,45,6
108,2018-07-08 14:00,27.1,,1.4,90,41,6
108,2018-07-08 15:00,27.6,,1.9,110,37,8
108,2018-07-08 16:00,27.9,,1.2,140,39,9
108,2018-07-08 17:00,27.4,,1.7,140,44,9
108,2018-07-08 18:00,26.7,,1,140,48,9
108,2018-07-08 19:00,26.3,,1.7,180,51,
108,2018-07-08 20:00,25.7,,1.3,140,53,
108,2018-07-08 21:00,25.3,,1.4,140,55,8
108,2018-07-08 22:00,25,,1,110,57,
108,2018-07-08 23:00,24.6,,2.6,140,60,
108,2018-07-09 0:00,24.2,,1.7,110,61,9
108,2018-07-09 1:00,23.7,,0.8,110,64,
108,2018-07-09 2:00,22.7,,0.9,70,63,
108,2018-07-09 3:00,21.9,,1.3,70,63,9
108,2018-07-09 4:00,21.4,,1.5,110,63,8
108,2018-07-09 5:00,21.1,,1.5,90,64,9
108,2018-07-09 6:00,21,,1,110,64,10
108,2018-07-09 7:00,20.9,0,1.4,90,66,10
108,2018-07-09 8:00,20.7,0.2,0.8,90,73,10
108,2018-07-09 9:00,21.1,0,1,110,72,10
108,2018-07-09 10:00,21.1,0,1.2,90,73,10
108,2018-07-09 11:00,20.6,0.3,1,90,82,10
108,2018-07-09 12:00,20.7,0,0.6,110,83,10
108,2018-07-09 13:00,20.3,0.5,1,90,87,10
108,2018-07-09 14:00,20.2,0.5,1,90,89,10
108,2018-07-09 15:00,20.3,0,0.9,70,90,10
108,2018-07-09 16:00,20.2,1,1.2,110,91,10
108,2018-07-09 17:00,20.3,1,1.4,90,93,10
108,2018-07-09 18:00,20.3,0.5,1.3,90,93,10
108,2018-07-09 19:00,20.4,0.5,1.1,90,94,10
108,2018-07-09 20:00,20.3,1,0.8,110,95,10
108,2018-07-09 21:00,20.3,1.5,1,90,96,10
108,2018-07-09 22:00,20.4,0.5,1.1,110,96,10
108,2018-07-09 23:00,20.4,1,0.6,110,96,10
108,2018-07-10 0:00,20.4,5.5,0.3,0,97,10
108,2018-07-10 1:00,20.4,8.5,0.3,0,97,10
108,2018-07-10 2:00,20.5,6.5,0.5,140,98,10
108,2018-07-10 3:00,20.6,0.5,0.8,50,98,10
108,2018-07-10 4:00,20.6,0,0.5,110,97,10
108,2018-07-10 5:00,20.6,,0.6,90,97,10
108,2018-07-10 6:00,20.7,,0.9,110,97,9
108,2018-07-10 7:00,21.1,,0.4,0,95,10
108,2018-07-10 8:00,21.7,,0.5,110,89,10
108,2018-07-10 9:00,22.3,,1,90,86,9
108,2018-07-10 10:00,22.6,,0.9,50,85,10
108,2018-07-10 11:00,23.2,,1.1,70,82,10
108,2018-07-10 12:00,24.1,,0.8,90,80,10
108,2018-07-10 13:00,25.2,,1.2,70,77,10
108,2018-07-10 14:00,25.5,,0.8,70,77,10
108,2018-07-10 15:00,25.7,,0.5,20,77,10
108,2018-07-10 16:00,26.3,,0.7,110,74,10
108,2018-07-10 17:00,26.5,,1,110,76,10
108,2018-07-10 18:00,26.2,0,0.4,0,82,10
108,2018-07-10 19:00,25.7,0.5,1.1,20,83,10
108,2018-07-10 20:00,25.3,0,0.3,0,89,10
108,2018-07-10 21:00,25.1,0,0.3,0,86,10
108,2018-07-10 22:00,25,0,0.5,70,86,10
108,2018-07-10 23:00,24.9,0,0.5,90,87,10
108,2018-07-11 0:00,24.6,0.5,0.7,340,96,10
108,2018-07-11 1:00,24.6,0.5,0.5,70,96,10
108,2018-07-11 2:00,24.5,0,0.5,50,96,10
108,2018-07-11 3:00,24.5,0.5,0.8,20,97,10
108,2018-07-11 4:00,24.5,0,1,50,97,10
108,2018-07-11 5:00,24.5,0.5,0.5,20,97,10
108,2018-07-11 6:00,24.5,0.5,0.1,0,97,10
108,2018-07-11 7:00,24.6,0.5,0.3,0,97,10
108,2018-07-11 8:00,25.1,0,0.8,50,97,10
108,2018-07-11 9:00,25.6,0,0.6,50,96,10
108,2018-07-11 10:00,26.3,0.5,0.6,70,91,10
108,2018-07-11 11:00,27.2,0,0.9,360,82,10
108,2018-07-11 12:00,28.1,,2.1,200,73,10
108,2018-07-11 13:00,28.7,,2.6,230,69,10
108,2018-07-11 14:00,29.2,,2.8,250,67,9
108,2018-07-11 15:00,29.4,,2.3,250,68,9
108,2018-07-11 16:00,28.7,0,3.2,250,70,10
108,2018-07-11 17:00,28.7,,2.9,270,71,9
108,2018-07-11 18:00,28.4,,2.4,290,75,10
108,2018-07-11 19:00,28.2,,1.6,290,72,
108,2018-07-11 20:00,27.7,,1.8,270,76,
108,2018-07-11 21:00,27.3,,1.2,290,78,9
108,2018-07-11 22:00,27.1,,1.2,270,79,
108,2018-07-11 23:00,26.9,,0.1,0,79,
108,2018-07-12 0:00,26.7,,0.9,270,79,9
108,2018-07-12 1:00,26.6,,0,0,80,
108,2018-07-12 2:00,26.3,,0.3,0,84,
108,2018-07-12 3:00,26.2,0,0.3,0,83,9
108,2018-07-12 4:00,26.1,0,0.6,290,85,10
108,2018-07-12 5:00,25.9,0.5,0.4,0,91,9
108,2018-07-12 6:00,25.6,0,1.1,270,93,8
108,2018-07-12 7:00,25.9,,1.7,250,87,9
108,2018-07-12 8:00,26.3,,2.1,250,84,10
108,2018-07-12 9:00,26.5,0,2.7,230,82,10
108,2018-07-12 10:00,26.7,0.5,1.6,290,88,9
108,2018-07-12 11:00,27.4,0,2.3,270,78,10
108,2018-07-12 12:00,27.4,0,2.7,290,80,10
108,2018-07-12 13:00,27.7,0,2.6,270,76,9
108,2018-07-12 14:00,27.8,,3.1,290,76,9
108,2018-07-12 15:00,28,,2.3,290,76,9
108,2018-07-12 16:00,28.1,,2.8,290,74,9
108,2018-07-12 17:00,27.9,,2.5,290,75,9
108,2018-07-12 18:00,27.5,,2.1,320,77,9
108,2018-07-12 19:00,27.4,,1.1,290,78,
108,2018-07-12 20:00,26.9,,1.5,290,80,
108,2018-07-12 21:00,26.3,,0.8,270,81,4
108,2018-07-12 22:00,25.9,,0.6,290,83,
108,2018-07-12 23:00,25.5,,0.8,270,84,
108,2018-07-13 0:00,25.1,,0.4,0,87,1
108,2018-07-13 1:00,24.8,,0.9,270,89,
108,2018-07-13 2:00,24.9,,1.3,250,86,
108,2018-07-13 3:00,24.9,,2,250,86,7
108,2018-07-13 4:00,24.8,,2.1,200,86,9
108,2018-07-13 5:00,24.8,,1.4,250,84,9
108,2018-07-13 6:00,24.8,,1.1,270,84,9
108,2018-07-13 7:00,25,,1,230,83,9
108,2018-07-13 8:00,25.5,,1.8,230,80,9
108,2018-07-13 9:00,26.6,,2.2,200,73,8
108,2018-07-13 10:00,27.4,,2.4,230,70,9
108,2018-07-13 11:00,27.5,,2.4,230,70,9
108,2018-07-13 12:00,28.3,,1.9,230,68,9
108,2018-07-13 13:00,28.9,,2.8,290,68,9
108,2018-07-13 14:00,29.5,,2.7,270,62,8
108,2018-07-13 15:00,30.2,,2.4,270,62,8
108,2018-07-13 16:00,30,,2,290,67,8
108,2018-07-13 17:00,30.1,,1.8,290,65,7
108,2018-07-13 18:00,30.8,,2.5,320,60,7
108,2018-07-13 19:00,29.8,,2.6,320,68,
108,2018-07-13 20:00,28.2,,2.2,290,76,
108,2018-07-13 21:00,27.2,,2.3,290,80,1
108,2018-07-13 22:00,26.7,,1.3,290,82,
108,2018-07-13 23:00,26.2,,1,290,84,
108,2018-07-14 0:00,25.7,,0.4,0,85,2
108,2018-07-14 1:00,25.4,,1.4,290,85,
108,2018-07-14 2:00,25.3,,1.7,290,85,
108,2018-07-14 3:00,25.2,,1.1,290,83,9
108,2018-07-14 4:00,25.1,,1.5,270,82,9
108,2018-07-14 5:00,24.8,0,1.6,290,86,10
108,2018-07-14 6:00,24.6,,0.4,0,86,9
108,2018-07-14 7:00,24.9,,0.3,0,81,7
108,2018-07-14 8:00,26.1,,0.7,200,74,8
108,2018-07-14 9:00,27,,1.1,290,70,8
108,2018-07-14 10:00,27.8,,2.1,200,68,8
108,2018-07-14 11:00,29,,2,270,65,7
108,2018-07-14 12:00,30.2,,2.3,230,58,7
108,2018-07-14 13:00,30.7,,2.3,290,59,7
108,2018-07-14 14:00,30.7,,2.9,290,59,6
108,2018-07-14 15:00,31.1,,2.3,290,59,5
108,2018-07-14 16:00,31.7,,2.3,270,55,4
108,2018-07-14 17:00,31.5,,3.7,270,53,2
108,2018-07-14 18:00,31.1,,2.2,250,55,2
108,2018-07-14 19:00,30.4,,2.4,200,59,
108,2018-07-14 20:00,29.2,,1.7,250,63,
108,2018-07-14 21:00,28.2,,2.8,270,64,0
108,2018-07-14 22:00,27.6,,2.7,270,70,
108,2018-07-14 23:00,26.6,,2,290,80,
108,2018-07-15 0:00,26,,1.9,320,82,0
108,2018-07-15 1:00,25.5,,2.3,270,83,
108,2018-07-15 2:00,25.1,,1.1,290,85,
108,2018-07-15 3:00,24.8,,0.2,0,86,0
108,2018-07-15 4:00,24.6,,0.1,0,86,2
108,2018-07-15 5:00,24.5,,0.7,320,85,7
108,2018-07-15 6:00,24.8,,0.2,0,83,8
108,2018-07-15 7:00,25.2,,0.2,0,80,9
108,2018-07-15 8:00,26.2,,0.9,230,75,8
108,2018-07-15 9:00,27,,1,250,71,9
108,2018-07-15 10:00,28.5,,1.7,180,66,8
108,2018-07-15 11:00,28.7,,1.3,290,64,6
108,2018-07-15 12:00,30.1,,1.6,180,58,2
108,2018-07-15 13:00,31.4,,3.2,200,53,1
108,2018-07-15 14:00,32.4,,2,200,50,2
108,2018-07-15 15:00,32.9,,2.6,290,49,2
108,2018-07-15 16:00,32.8,,3,290,52,1
108,2018-07-15 17:00,32.7,,3,290,52,0
108,2018-07-15 18:00,32.2,,2.4,290,55,0
108,2018-07-15 19:00,31.2,,2.1,290,62,
108,2018-07-15 20:00,29.2,,2.1,290,72,
108,2018-07-15 21:00,28.1,,3.1,270,74,0
108,2018-07-15 22:00,27.5,,0.9,290,77,
108,2018-07-15 23:00,27,,1.6,270,78,
108,2018-07-16 0:00,26.5,,0.9,270,81,0
108,2018-07-16 1:00,25.9,,1.3,290,83,
108,2018-07-16 2:00,25.4,,0.6,290,84,
108,2018-07-16 3:00,25.1,,0.7,290,85,0
108,2018-07-16 4:00,24.6,,0.7,320,84,0
108,2018-07-16 5:00,24.3,,1,270,85,0
108,2018-07-16 6:00,24,,0.9,270,85,0
108,2018-07-16 7:00,24.5,,0.9,20,73,0
108,2018-07-16 8:00,26.4,,0.5,140,69,0
108,2018-07-16 9:00,28,,1,160,64,0
108,2018-07-16 10:00,29.8,,1.8,230,54,0
108,2018-07-16 11:00,31.5,,2.1,200,51,1
108,2018-07-16 12:00,32.4,,2,270,49,1
108,2018-07-16 13:00,33,,2.5,270,51,3
108,2018-07-16 14:00,33.7,,2.5,290,45,3
108,2018-07-16 15:00,33.4,,3.1,290,44,2
108,2018-07-16 16:00,33.3,,3.1,290,46,1
108,2018-07-16 17:00,33,,3.1,290,46,1
108,2018-07-16 18:00,32.3,,3,320,47,0
108,2018-07-16 19:00,31.2,,2.4,290,52,
108,2018-07-16 20:00,29.3,,2.4,290,58,
108,2018-07-16 21:00,28,,1.5,290,64,0
108,2018-07-16 22:00,27.2,,1.7,290,69,
108,2018-07-16 23:00,26.6,,1.5,270,75,
108,2018-07-17 0:00,26.4,,1.2,290,76,0
108,2018-07-17 1:00,25.8,,0.4,0,78,
108,2018-07-17 2:00,25.3,,1,270,78,
108,2018-07-17 3:00,24.8,,1,290,80,0
108,2018-07-17 4:00,24.4,,1,290,80,0
108,2018-07-17 5:00,24.1,,0.9,290,81,0
108,2018-07-17 6:00,24,,0.9,290,81,0
108,2018-07-17 7:00,24.4,,1,320,75,0
108,2018-07-17 8:00,25.8,,0.8,230,69,1
108,2018-07-17 9:00,27.5,,2.2,270,60,1
108,2018-07-17 10:00,29.2,,1.6,270,55,1
108,2018-07-17 11:00,30.4,,1.8,270,53,4
108,2018-07-17 12:00,30.8,,2.3,320,57,6
108,2018-07-17 13:00,31.1,,3.2,290,53,4
108,2018-07-17 14:00,31.8,,3.5,270,49,3
108,2018-07-17 15:00,31.9,,3.3,290,51,2
108,2018-07-17 16:00,32,,2.4,270,51,1
108,2018-07-17 17:00,31.8,,2.4,290,52,1
108,2018-07-17 18:00,31.3,,2.5,290,55,1
108,2018-07-17 19:00,30.6,,1.4,290,57,
108,2018-07-17 20:00,28.9,,1.7,290,64,
108,2018-07-17 21:00,27.9,,1.9,290,69,0
108,2018-07-17 22:00,27.2,,1.9,270,70,
108,2018-07-17 23:00,26.6,,1.6,290,76,
108,2018-07-18 0:00,26.2,,0.7,290,79,0
108,2018-07-18 1:00,25.7,,0.2,0,80,
108,2018-07-18 2:00,25.2,,0.4,0,82,
108,2018-07-18 3:00,24.7,,0.7,290,84,0
108,2018-07-18 4:00,24.3,,0.7,320,83,0
108,2018-07-18 5:00,23.9,,0.4,0,83,0
108,2018-07-18 6:00,23.7,,0.1,0,83,1
108,2018-07-18 7:00,24.2,,0.7,50,74,0
108,2018-07-18 8:00,25.8,,0.4,0,71,1
108,2018-07-18 9:00,27.2,,0.4,0,59,2
108,2018-07-18 10:00,28.9,,1.5,290,61,3
108,2018-07-18 11:00,30.2,,2.2,320,53,3
108,2018-07-18 12:00,31.2,,2,290,51,2
108,2018-07-18 13:00,32.1,,2.3,290,51,3
108,2018-07-18 14:00,32.7,,1.5,270,49,3
108,2018-07-18 15:00,32.9,,2.5,290,46,1
108,2018-07-18 16:00,33.1,,2.9,290,42,0
108,2018-07-18 17:00,32.6,,2.8,320,46,0
108,2018-07-18 18:00,32,,2.6,270,50,0
108,2018-07-18 19:00,30.6,,2.8,290,54,
108,2018-07-18 20:00,28.8,,1.9,290,66,
108,2018-07-18 21:00,28,,1.8,270,69,0
108,2018-07-18 22:00,27.2,,1.5,270,73,
108,2018-07-18 23:00,26.4,,0.6,270,76,
108,2018-07-19 0:00,25.9,,1.3,290,76,0
108,2018-07-19 1:00,25.4,,0.8,270,79,
108,2018-07-19 2:00,24.8,,1.5,290,80,
108,2018-07-19 3:00,24.4,,0.6,20,85,0
108,2018-07-19 4:00,24,,0.9,270,87,0
108,2018-07-19 5:00,23.6,,0.2,0,88,0
108,2018-07-19 6:00,23.3,,0.2,0,83,0
108,2018-07-19 7:00,23.6,,0.9,20,75,0
108,2018-07-19 8:00,25.5,,0.9,340,65,0
108,2018-07-19 9:00,27.6,,1.5,270,62,0
108,2018-07-19 10:00,29.4,,2.2,200,56,1
108,2018-07-19 11:00,30.7,,1.6,290,48,0
108,2018-07-19 12:00,31.7,,2.6,290,42,0
108,2018-07-19 13:00,32.6,,2.7,290,47,1
108,2018-07-19 14:00,33.1,,2.5,270,47,0
108,2018-07-19 15:00,33.7,,2.5,320,41,0
108,2018-07-19 16:00,33.7,,2.7,290,43,0
108,2018-07-19 17:00,34,,2.3,290,44,1
108,2018-07-19 18:00,33,,2.4,270,51,1
108,2018-07-19 19:00,31.6,,2.3,290,58,
108,2018-07-19 20:00,29.8,,2.9,290,62,
108,2018-07-19 21:00,28.8,,2.4,290,69,0
108,2018-07-19 22:00,28,,1.5,320,76,
108,2018-07-19 23:00,27.2,,1.9,320,78,
108,2018-07-20 0:00,26.7,,1.4,290,80,0
108,2018-07-20 1:00,26.1,,1.6,290,81,
108,2018-07-20 2:00,25.7,,0.1,0,84,
108,2018-07-20 3:00,25.4,,0.9,290,84,0
108,2018-07-20 4:00,25.1,,0,0,83,0
108,2018-07-20 5:00,24.9,,0.3,0,83,0
108,2018-07-20 6:00,24.6,,0.2,0,82,0
108,2018-07-20 7:00,25.2,,0.6,320,75,0
108,2018-07-20 8:00,26.6,,1.3,320,70,0
108,2018-07-20 9:00,28.4,,1.2,270,65,0
108,2018-07-20 10:00,29.8,,1.2,250,59,0
108,2018-07-20 11:00,31.6,,1.3,250,54,1
108,2018-07-20 12:00,32.6,,2.1,290,51,2
108,2018-07-20 13:00,32.4,,2.4,320,54,2
108,2018-07-20 14:00,33.4,,2.7,290,52,1
108,2018-07-20 15:00,34.1,,2.4,230,45,1
108,2018-07-20 16:00,34.3,,2.3,270,45,1
108,2018-07-20 17:00,34.3,,2.1,270,44,0
108,2018-07-20 18:00,33.9,,2,290,42,0
108,2018-07-20 19:00,32.9,,2,290,44,
108,2018-07-20 20:00,30.9,,2.2,290,51,
108,2018-07-20 21:00,29.8,,1.4,290,59,0
108,2018-07-20 22:00,28.8,,1.3,290,65,
108,2018-07-20 23:00,28.2,,1.3,270,70,
108,2018-07-21 0:00,27.5,,1.1,270,73,0
108,2018-07-21 1:00,27,,1.1,290,74,
108,2018-07-21 2:00,26.4,,0.2,0,72,
108,2018-07-21 3:00,26.1,,0.1,0,74,0
108,2018-07-21 4:00,25.6,,1.2,290,77,0
108,2018-07-21 5:00,25,,0.3,0,78,0
108,2018-07-21 6:00,24.9,,0,0,76,0
108,2018-07-21 7:00,25.3,,0.4,0,71,0
108,2018-07-21 8:00,27.4,,0.9,20,63,0
108,2018-07-21 9:00,29.6,,0.9,50,57,0
108,2018-07-21 10:00,31.4,,1.1,140,51,0
108,2018-07-21 11:00,32.9,,2.1,290,45,0
108,2018-07-21 12:00,34.2,,1.8,320,35,0
108,2018-07-21 13:00,35.2,,1.8,340,34,2
108,2018-07-21 14:00,36.3,,1.3,290,34,0
108,2018-07-21 15:00,36.5,,3,290,35,2
108,2018-07-21 16:00,36.8,,2.8,290,30,0
108,2018-07-21 17:00,36.3,,3.1,290,36,0
108,2018-07-21 18:00,35,,2.9,290,42,0
108,2018-07-21 19:00,33.4,,2.6,270,51,
108,2018-07-21 20:00,31.5,,1.8,290,53,
108,2018-07-21 21:00,30.2,,1.8,270,54,0
108,2018-07-21 22:00,29.4,,1.4,290,55,
108,2018-07-21 23:00,28.8,,1.6,320,56,
108,2018-07-22 0:00,28.1,,0.2,0,56,0
108,2018-07-22 1:00,27.3,,0.8,290,60,
108,2018-07-22 2:00,26.8,,0.6,290,63,
108,2018-07-22 3:00,26.3,,0.2,0,63,0
108,2018-07-22 4:00,25.9,,0.3,0,71,0
108,2018-07-22 5:00,25.5,,0.4,0,72,0
108,2018-07-22 6:00,25.3,,0.6,20,73,0
108,2018-07-22 7:00,25.8,,0.9,20,67,0
108,2018-07-22 8:00,27.9,,0.6,70,60,0
108,2018-07-22 9:00,30.5,,0.9,50,54,0
108,2018-07-22 10:00,32.2,,0.8,180,50,1
108,2018-07-22 11:00,33.8,,1.9,290,45,1
108,2018-07-22 12:00,35.5,,1.9,270,39,1
108,2018-07-22 13:00,36.7,,1.8,270,33,3
108,2018-07-22 14:00,37.4,,2.3,270,34,6
108,2018-07-22 15:00,37.5,,2,270,33,6
108,2018-07-22 16:00,37.8,,2.5,320,31,2
108,2018-07-22 17:00,37.6,,2.1,320,33,3
108,2018-07-22 18:00,36.3,,3,290,35,5
108,2018-07-22 19:00,34.5,,2.8,290,47,
108,2018-07-22 20:00,33.3,,2.3,270,50,
108,2018-07-22 21:00,32.3,,1.7,290,50,7
108,2018-07-22 22:00,31.7,,1.4,270,51,
108,2018-07-22 23:00,31.2,,1.5,270,52,
108,2018-07-23 0:00,30.6,,2.3,270,50,9
108,2018-07-23 1:00,30,,1.5,290,52,
108,2018-07-23 2:00,29.7,,1.4,270,53,
108,2018-07-23 3:00,29.6,,2.1,270,50,8
108,2018-07-23 4:00,29.3,,0.9,290,51,8
108,2018-07-23 5:00,29.3,,1.6,270,55,8
108,2018-07-23 6:00,29.2,,1.7,290,58,9
108,2018-07-23 7:00,29.3,,0.8,250,58,9
108,2018-07-23 8:00,30,,0.9,230,56,9
108,2018-07-23 9:00,31,,1.5,290,55,8
108,2018-07-23 10:00,31.8,,1.5,340,51,7
108,2018-07-23 11:00,32.7,,2.2,320,48,4
108,2018-07-23 12:00,34.1,,2.3,290,47,8
108,2018-07-23 13:00,33.8,,1.7,290,47,8
108,2018-07-23 14:00,34.3,,2.2,340,45,8
108,2018-07-23 15:00,35.4,,2.2,270,46,8
108,2018-07-23 16:00,34.8,,2.2,320,47,8
108,2018-07-23 17:00,34.8,,3,290,49,7
108,2018-07-23 18:00,33.9,,3.2,290,53,6
108,2018-07-23 19:00,32.6,,3.2,290,58,
108,2018-07-23 20:00,31.5,,1.8,290,61,
108,2018-07-23 21:00,30.8,,1.8,340,60,9
108,2018-07-23 22:00,30.3,,1.8,320,60,
108,2018-07-23 23:00,30,,1.6,290,58,
108,2018-07-24 0:00,29.6,,1,320,61,7
108,2018-07-24 1:00,29.1,,1.2,290,64,
108,2018-07-24 2:00,28.6,,0.9,290,66,
108,2018-07-24 3:00,28.2,,0.3,0,65,3
108,2018-07-24 4:00,27.8,,0.2,0,67,3
108,2018-07-24 5:00,27.5,,0.1,0,70,2
108,2018-07-24 6:00,27.2,,0.8,20,71,2
108,2018-07-24 7:00,27.8,,1.2,20,63,1
108,2018-07-24 8:00,29.9,,0.8,90,59,1
108,2018-07-24 9:00,31.7,,1,20,59,1
108,2018-07-24 10:00,32.4,,0.9,360,54,5
108,2018-07-24 11:00,33.9,,1.6,340,46,7
108,2018-07-24 12:00,34.5,,1.4,230,50,8
108,2018-07-24 13:00,36.4,,1.3,180,41,6
108,2018-07-24 14:00,35.8,,2.8,270,49,7
108,2018-07-24 15:00,35.8,,2.2,290,47,5
108,2018-07-24 16:00,34.9,,2,290,51,8
108,2018-07-24 17:00,34.9,,2.2,320,51,6
108,2018-07-24 18:00,34.9,,2.2,270,53,8
108,2018-07-24 19:00,33.1,,2.2,290,57,
108,2018-07-24 20:00,31.1,,2,320,63,
108,2018-07-24 21:00,30.2,,2.3,290,65,0
108,2018-07-24 22:00,29.8,,3.2,270,66,
108,2018-07-24 23:00,29.3,,2.8,270,66,
108,2018-07-25 0:00,28.9,,2.2,290,66,8
108,2018-07-25 1:00,28.7,,2.6,290,67,
108,2018-07-25 2:00,28.8,,1.8,290,68,
108,2018-07-25 3:00,28.9,,2.8,200,69,9
108,2018-07-25 4:00,28.5,,2.6,230,74,9
108,2018-07-25 5:00,28.3,,2.4,230,74,9
108,2018-07-25 6:00,28.1,,1.8,250,75,9
108,2018-07-25 7:00,28.3,,2,200,72,9
108,2018-07-25 8:00,28.7,,3.5,180,70,9
108,2018-07-25 9:00,29.4,,2.5,200,66,9
108,2018-07-25 10:00,30.7,,2.8,200,61,8
108,2018-07-25 11:00,30.7,,3.4,180,63,9
108,2018-07-25 12:00,31.1,,2.7,200,60,9
108,2018-07-25 13:00,32.3,,3,230,56,9
108,2018-07-25 14:00,33,,1.7,250,53,9
108,2018-07-25 15:00,34,,3,230,50,7
108,2018-07-25 16:00,34.1,,2.5,250,52,5
108,2018-07-25 17:00,33.2,,2.2,230,56,5
108,2018-07-25 18:00,32.2,,2.5,230,58,6
108,2018-07-25 19:00,31.7,,2.3,230,60,
108,2018-07-25 20:00,30.9,,1.7,290,67,
108,2018-07-25 21:00,29.7,,2.2,320,74,0
108,2018-07-25 22:00,28.8,,2.8,270,76,
108,2018-07-25 23:00,28,,1.9,270,77,
108,2018-07-26 0:00,27.7,,1.2,290,78,1
108,2018-07-26 1:00,27.6,,1,290,79,
108,2018-07-26 2:00,27.6,,0.1,0,78,
108,2018-07-26 3:00,27.7,,0.2,0,76,8
108,2018-07-26 4:00,27.7,,1,160,75,8
108,2018-07-26 5:00,27.4,,0.8,140,78,9
108,2018-07-26 6:00,27.4,,0.7,180,77,9
108,2018-07-26 7:00,27.7,,1.2,200,75,9
108,2018-07-26 8:00,28.3,,0.8,250,72,9
108,2018-07-26 9:00,29.1,,1,230,69,9
108,2018-07-26 10:00,29.5,,1.8,200,68,9
108,2018-07-26 11:00,30.2,,1.5,290,67,9
108,2018-07-26 12:00,32,,1.6,320,57,8
108,2018-07-26 13:00,32.4,,0.7,250,54,8
108,2018-07-26 14:00,33,,2.5,290,56,8
108,2018-07-26 15:00,33.1,,1.9,270,58,9
108,2018-07-26 16:00,33.5,,2.8,290,57,8
108,2018-07-26 17:00,33.1,,2.9,320,59,7
108,2018-07-26 18:00,33.2,,1.8,270,59,3
108,2018-07-26 19:00,32.3,,2.1,290,63,
108,2018-07-26 20:00,31,,1.4,290,68,
108,2018-07-26 21:00,30,,2.7,270,74,0
108,2018-07-26 22:00,29.4,,1.6,320,78,
108,2018-07-26 23:00,29,,1.2,290,79,
108,2018-07-27 0:00,28.6,,0.6,290,80,0
108,2018-07-27 1:00,28.3,,0.5,250,78,
108,2018-07-27 2:00,27.8,,1.4,290,79,
108,2018-07-27 3:00,27.6,,1.6,290,80,2
108,2018-07-27 4:00,27.3,,1.6,290,85,8
108,2018-07-27 5:00,27.2,,0.8,270,86,7
108,2018-07-27 6:00,27.2,,0.1,0,85,4
108,2018-07-27 7:00,27.6,,1,290,80,0
108,2018-07-27 8:00,28.5,,0.9,290,76,1
108,2018-07-27 9:00,29.9,,1.5,270,69,2
108,2018-07-27 10:00,31.2,,2.3,290,61,4
108,2018-07-27 11:00,32.7,,1.9,290,56,4
108,2018-07-27 12:00,33.7,,1.9,320,53,3
108,2018-07-27 13:00,35.3,,2.5,290,48,4
108,2018-07-27 14:00,34.1,,1.8,290,57,5
108,2018-07-27 15:00,35.3,,1.9,250,52,6
108,2018-07-27 16:00,35,,2.8,270,55,5
108,2018-07-27 17:00,34.7,,2.7,290,59,3
108,2018-07-27 18:00,33.7,,3.2,270,62,1
108,2018-07-27 19:00,32,,3,290,68,
108,2018-07-27 20:00,30.7,,2.8,290,73,
108,2018-07-27 21:00,30.3,,1.1,340,75,0
108,2018-07-27 22:00,29.9,,2,290,74,
108,2018-07-27 23:00,29.7,,1.2,290,76,
108,2018-07-28 0:00,29.4,,2.1,270,78,0
108,2018-07-28 1:00,29.1,,1.3,270,79,
108,2018-07-28 2:00,28.8,,1.9,270,80,
108,2018-07-28 3:00,28.5,,1.2,270,81,0
108,2018-07-28 4:00,28.3,,1.7,270,83,0
108,2018-07-28 5:00,28.1,,0.5,320,84,0
108,2018-07-28 6:00,28,,0.8,290,85,0
108,2018-07-28 7:00,28.4,,0.7,360,82,6
108,2018-07-28 8:00,29.6,,0.4,0,75,6
108,2018-07-28 9:00,30.6,,1.4,200,74,8
108,2018-07-28 10:00,32,,0.9,20,65,4
108,2018-07-28 11:00,32.8,,0.6,250,62,7
108,2018-07-28 12:00,33.6,,1.9,290,62,8
108,2018-07-28 13:00,34.2,,1.8,320,58,8
108,2018-07-28 14:00,34.4,0.2,1.8,360,65,10
108,2018-07-28 15:00,28.9,7.3,2.2,180,86,10
108,2018-07-28 16:00,28.6,0,3.4,290,82,9
108,2018-07-28 17:00,28.2,,1.3,270,83,9
108,2018-07-28 18:00,29,,0.8,90,81,9
108,2018-07-28 19:00,29.3,,0,0,78,9
108,2018-07-28 20:00,29.2,,0.4,0,82,
108,2018-07-28 21:00,29.1,,1.1,290,78,7
108,2018-07-28 22:00,29,,0.9,90,74,
108,2018-07-28 23:00,28.6,,0.7,20,74,
108,2018-07-29 0:00,28.4,,0.9,90,70,2
108,2018-07-29 1:00,28,,0.6,90,71,
108,2018-07-29 2:00,27.7,,0.4,0,73,
108,2018-07-29 3:00,27.4,,0.6,90,73,0
108,2018-07-29 4:00,27,,0.8,110,74,0
108,2018-07-29 5:00,26.7,,0.3,0,75,0
108,2018-07-29 6:00,26.4,,0.4,0,76,0
108,2018-07-29 7:00,26.9,,0.8,110,69,0
108,2018-07-29 8:00,28.6,,0.8,140,63,0
108,2018-07-29 9:00,30.6,,1.7,50,54,0
108,2018-07-29 10:00,32.4,,1.9,140,48,2
108,2018-07-29 11:00,33.6,,1.7,50,46,3
108,2018-07-29 12:00,33.8,,1.7,70,47,5
108,2018-07-29 13:00,34.4,,2.9,360,41,5
108,2018-07-29 14:00,35.4,,1.4,360,43,6
108,2018-07-29 15:00,35.9,,1.9,70,37,5
108,2018-07-29 16:00,36,,1.4,110,33,1
108,2018-07-29 17:00,36.3,,1.5,50,36,1
108,2018-07-29 18:00,35.8,,1.3,90,35,1
108,2018-07-29 19:00,34.4,,1.2,70,39,
108,2018-07-29 20:00,32.3,,1.4,20,48,
108,2018-07-29 21:00,31.1,,1.3,20,47,6
108,2018-07-29 22:00,30.4,,1.6,50,45,
108,2018-07-29 23:00,29.9,,1.4,70,45,
108,2018-07-30 0:00,29.2,,1.1,50,50,2
108,2018-07-30 1:00,28.5,,1.1,110,54,
108,2018-07-30 2:00,28,,1.2,70,57,
108,2018-07-30 3:00,27.4,,1.4,20,59,0
108,2018-07-30 4:00,26.7,,1,70,62,0
108,2018-07-30 5:00,26.4,,0.6,70,62,0
108,2018-07-30 6:00,26.2,,1.4,20,64,0
108,2018-07-30 7:00,26.8,,1.1,70,59,1
108,2018-07-30 8:00,28.8,,1.4,70,56,0
108,2018-07-30 9:00,30.5,,1.6,50,53,0
108,2018-07-30 10:00,32,,2.1,70,50,1
108,2018-07-30 11:00,33.2,,1.4,70,46,6
108,2018-07-30 12:00,33.6,,1.6,50,48,6
108,2018-07-30 13:00,34.7,,1.3,90,43,8
108,2018-07-30 14:00,35.3,,1.3,90,41,7
108,2018-07-30 15:00,35.5,,1.3,110,43,6
108,2018-07-30 16:00,36.4,,1.1,90,40,6
108,2018-07-30 17:00,35.4,,0.8,70,44,6
108,2018-07-30 18:00,36.5,,0.9,110,38,5
108,2018-07-30 19:00,35.2,,0.9,90,43,
108,2018-07-30 20:00,33.9,,1.4,90,46,
108,2018-07-30 21:00,33.1,,1.1,90,48,8
108,2018-07-30 22:00,32.5,,1.2,110,50,
108,2018-07-30 23:00,31.7,,1.2,110,52,
108,2018-07-31 0:00,31,,0.8,110,54,0
108,2018-07-31 1:00,30.2,,0.7,90,57,
108,2018-07-31 2:00,29.8,,0.8,140,57,
108,2018-07-31 3:00,29.3,,1.6,140,57,2
108,2018-07-31 4:00,28.8,,0.9,140,58,1
108,2018-07-31 5:00,28.3,,1.6,110,60,1
108,2018-07-31 6:00,27.9,,0.5,90,63,2
108,2018-07-31 7:00,27.9,,1.1,110,60,2
108,2018-07-31 8:00,29.3,,0.9,90,51,2
108,2018-07-31 9:00,30.9,,1,90,47,1
108,2018-07-31 10:00,32.7,,1.2,90,43,0
108,2018-07-31 11:00,34.1,,1.5,110,40,1
108,2018-07-31 12:00,35.2,,1.2,50,39,4
108,2018-07-31 13:00,36.1,,1,290,38,5
108,2018-07-31 14:00,36.4,,1.3,50,35,5
108,2018-07-31 15:00,37.8,,1.8,160,34,6
108,2018-07-31 16:00,37,,1.2,340,38,6
108,2018-07-31 17:00,38,,1.3,360,36,6
108,2018-07-31 18:00,36.2,,2,320,45,7
108,2018-07-31 19:00,34.9,,2.4,340,47,
108,2018-07-31 20:00,33.5,,2.1,340,50,
108,2018-07-31 21:00,32.7,,2.8,340,51,0
108,2018-07-31 22:00,31.6,,3,320,66,
108,2018-07-31 23:00,31,,0.5,360,65,
108,2018-08-01 0:00,30.5,,1.9,290,68,0
133,2018-07-01 1:00,22,0,3.3,140,91,10
133,2018-07-01 2:00,21.6,0.3,1.3,110,91,10
133,2018-07-01 3:00,21.3,0,0.3,0,95,10
133,2018-07-01 4:00,20.9,1.4,1.1,90,97,10
133,2018-07-01 5:00,20.8,3.9,0.2,0,97,10
133,2018-07-01 6:00,20.5,12.3,0.9,50,98,10
133,2018-07-01 7:00,20.6,11.5,0.8,360,98,10
133,2018-07-01 8:00,20.7,3.9,0.6,340,98,10
133,2018-07-01 9:00,21,2.4,1.5,70,98,10
133,2018-07-01 10:00,21.6,,3,110,98,9
133,2018-07-01 11:00,23.5,,2.2,140,94,9
133,2018-07-01 12:00,25.1,,1.4,180,88,9
133,2018-07-01 13:00,24.2,3.1,2,340,92,10
133,2018-07-01 14:00,23.3,10.7,1.3,340,97,10
133,2018-07-01 15:00,22.4,17.8,3.1,110,98,10
133,2018-07-01 16:00,22.3,10.3,1.7,160,98,10
133,2018-07-01 17:00,22.3,0.9,1.2,20,98,10
133,2018-07-01 18:00,22,9,2.6,140,98,10
133,2018-07-01 19:00,21.9,9.6,0.5,50,98,10
133,2018-07-01 20:00,21.7,5,1.8,90,98,10
133,2018-07-01 21:00,21.7,1.4,0.8,90,98,10
133,2018-07-01 22:00,21.6,0.8,0.7,340,98,10
133,2018-07-01 23:00,21.6,0.6,0.6,320,98,10
133,2018-07-02 0:00,21.6,15,2.2,290,98,10
133,2018-07-02 1:00,21.4,12.2,0.6,70,98,10
133,2018-07-02 2:00,21.4,0.4,0.3,0,98,10
133,2018-07-02 3:00,21.3,4.6,1.7,90,98,10
133,2018-07-02 4:00,21.2,3.2,0.6,140,98,10
133,2018-07-02 5:00,21.2,1.9,0.6,270,98,10
133,2018-07-02 6:00,21,9.5,1.7,160,98,10
133,2018-07-02 7:00,21.2,0.5,1.4,200,98,9
133,2018-07-02 8:00,21.6,0.1,0.9,230,98,10
133,2018-07-02 9:00,22.4,0,0.3,0,98,9
133,2018-07-02 10:00,23,,0.3,0,96,8
133,2018-07-02 11:00,23.9,0.1,0.8,70,92,10
133,2018-07-02 12:00,23.8,0,1.4,110,95,10
133,2018-07-02 13:00,24,2.9,1.1,90,97,10
133,2018-07-02 14:00,24.2,0.1,0,0,97,10
133,2018-07-02 15:00,23.7,0.1,1.5,140,98,10
133,2018-07-02 16:00,23.6,2.3,1.4,110,98,10
133,2018-07-02 17:00,23.7,2.7,0.5,50,98,10
133,2018-07-02 18:00,23.7,2.3,0.6,20,98,10
133,2018-07-02 19:00,23.7,0.2,0.4,0,98,10
133,2018-07-02 20:00,23.4,,1,140,98,
133,2018-07-02 21:00,23.3,,0.8,320,98,10
133,2018-07-02 22:00,23.1,0.2,0.4,0,98,10
133,2018-07-02 23:00,23,0.6,0.5,50,98,10
133,2018-07-03 0:00,22.9,,0.2,0,98,10
133,2018-07-03 1:00,22.8,,1,90,98,
133,2018-07-03 2:00,22.6,,1.5,320,98,
133,2018-07-03 3:00,22.6,,1.4,320,98,6
133,2018-07-03 4:00,22.5,,0.1,0,98,8
133,2018-07-03 5:00,22.4,,1.5,320,98,6
133,2018-07-03 6:00,22.4,,0.8,320,98,6
133,2018-07-03 7:00,23.1,,1.3,50,98,8
133,2018-07-03 8:00,24.2,,1.5,90,98,8
133,2018-07-03 9:00,26.1,,1.8,70,90,7
133,2018-07-03 10:00,26.8,,2.9,70,82,8
133,2018-07-03 11:00,27,,3.2,90,81,7
133,2018-07-03 12:00,28,,2.4,90,77,8
133,2018-07-03 13:00,27.7,,2.5,70,78,9
133,2018-07-03 14:00,27.5,,2.8,50,76,6
133,2018-07-03 15:00,27.9,,3.9,110,77,7
133,2018-07-03 16:00,27.5,0,4.1,90,76,9
133,2018-07-03 17:00,27.4,,3.3,70,75,10
133,2018-07-03 18:00,26.7,,2.9,70,75,8
133,2018-07-03 19:00,26.2,,1.8,50,78,
133,2018-07-03 20:00,25.8,,0.9,360,79,
133,2018-07-03 21:00,25.6,,2.2,20,79,8
133,2018-07-03 22:00,25,,1.8,20,81,
133,2018-07-03 23:00,24.7,,1.1,340,85,
133,2018-07-04 0:00,24.4,,0.3,0,85,6
133,2018-07-04 1:00,24.2,,1.8,360,88,
133,2018-07-04 2:00,23.9,,0.3,0,90,
133,2018-07-04 3:00,24,,0.6,290,89,6
133,2018-07-04 4:00,23.9,,0.6,230,90,9
133,2018-07-04 5:00,23.7,,0.8,200,91,4
133,2018-07-04 6:00,23.4,,0.6,250,92,2
133,2018-07-04 7:00,24.4,,0,0,90,9
133,2018-07-04 8:00,25.1,,0.6,200,87,9
133,2018-07-04 9:00,26.9,,1.1,90,83,7
133,2018-07-04 10:00,28.4,,0.9,140,76,9
133,2018-07-04 11:00,28.9,,2.6,180,75,9
133,2018-07-04 12:00,29.4,,1.1,250,74,9
133,2018-07-04 13:00,30,,2.9,200,71,7
133,2018-07-04 14:00,30.1,,3.1,200,72,4
133,2018-07-04 15:00,29.7,,3.3,200,74,7
133,2018-07-04 16:00,29.4,,3.1,200,74,6
133,2018-07-04 17:00,29.6,,3,200,71,6
133,2018-07-04 18:00,29.4,,2.5,200,70,5
133,2018-07-04 19:00,28,,3.2,200,76,
133,2018-07-04 20:00,26.9,,2,200,81,
133,2018-07-04 21:00,25.8,,1.7,200,86,8
133,2018-07-04 22:00,25,,2.9,180,87,
133,2018-07-04 23:00,24.6,,2,200,88,
133,2018-07-05 0:00,24.3,,1.3,200,88,7
133,2018-07-05 1:00,24.1,,0.7,230,89,
133,2018-07-05 2:00,24.2,,0.8,230,89,
133,2018-07-05 3:00,24.1,,0.7,200,90,10
133,2018-07-05 4:00,24,0,0.5,250,90,10
133,2018-07-05 5:00,23.9,0.1,0.4,0,93,10
133,2018-07-05 6:00,23.8,0,0.6,90,94,10
133,2018-07-05 7:00,24,,0,0,95,10
133,2018-07-05 8:00,24.3,0,0,0,95,10
133,2018-07-05 9:00,24.8,,0.2,0,92,10
133,2018-07-05 10:00,25.2,,0.4,0,90,9
133,2018-07-05 11:00,26.9,,2.1,160,82,7
133,2018-07-05 12:00,28.4,,1.4,110,75,5
133,2018-07-05 13:00,29.5,,1.4,110,71,6
133,2018-07-05 14:00,30,,2.1,90,67,6
133,2018-07-05 15:00,29.8,,2.6,140,70,8
133,2018-07-05 16:00,29.4,,2.5,140,70,7
133,2018-07-05 17:00,26.2,0.7,2.4,290,88,9
133,2018-07-05 18:00,25.7,0.1,1.2,270,90,9
133,2018-07-05 19:00,25.5,0,0.7,230,94,10
133,2018-07-05 20:00,25.2,0,1,320,93,10
133,2018-07-05 21:00,24.4,3.3,0.5,50,96,10
133,2018-07-05 22:00,23.8,10.6,0.9,360,97,10
133,2018-07-05 23:00,23.6,4.1,1.6,70,97,10
133,2018-07-06 0:00,23.3,0.5,0.9,140,97,8
133,2018-07-06 1:00,22.9,,2.4,110,97,
133,2018-07-06 2:00,22.8,,0.4,0,96,
133,2018-07-06 3:00,22.7,,0.4,0,94,7
133,2018-07-06 4:00,22.4,,0.8,20,95,7
133,2018-07-06 5:00,22,,2.5,90,91,7
133,2018-07-06 6:00,22.2,,1.7,90,89,10
133,2018-07-06 7:00,21.7,1.4,1.1,290,96,10
133,2018-07-06 8:00,21.7,0.9,2.9,90,95,10
133,2018-07-06 9:00,21.6,1.5,2,70,95,10
133,2018-07-06 10:00,21.9,0.1,3.5,70,93,10
133,2018-07-06 11:00,22.1,0,3.3,70,89,10
133,2018-07-06 12:00,21.6,0.3,0.9,110,94,10
133,2018-07-06 13:00,22.1,2.6,1.3,110,94,10
133,2018-07-06 14:00,22.4,0,1.7,90,92,10
133,2018-07-06 15:00,23.4,,3.3,110,86,9
133,2018-07-06 16:00,24.2,,2.2,110,80,8
133,2018-07-06 17:00,24.1,,2.4,110,83,9
133,2018-07-06 18:00,23.9,,3,90,78,9
133,2018-07-06 19:00,23.4,,3,70,78,
133,2018-07-06 20:00,22.8,,5,90,80,
133,2018-07-06 21:00,21.9,0,2.6,90,82,6
133,2018-07-06 22:00,21.3,0,3.7,90,80,4
133,2018-07-06 23:00,20.9,,3.8,110,81,
133,2018-07-07 0:00,20.6,,3.6,90,79,8
133,2018-07-07 1:00,20.4,,2.6,70,76,
133,2018-07-07 2:00,19.7,,2,90,78,
133,2018-07-07 3:00,19.5,,2.8,70,77,1
133,2018-07-07 4:00,18.9,,2.7,110,81,3
133,2018-07-07 5:00,19.1,,2.7,70,79,7
133,2018-07-07 6:00,19.2,,2.7,90,80,8
133,2018-07-07 7:00,20.1,,1.6,50,77,4
133,2018-07-07 8:00,21.5,,3.3,90,72,3
133,2018-07-07 9:00,23,,3.4,140,71,2
133,2018-07-07 10:00,24.3,,3.3,90,67,1
133,2018-07-07 11:00,25.2,,3.3,70,64,1
133,2018-07-07 12:00,25.3,,3,70,62,1
133,2018-07-07 13:00,26.7,,3.3,90,64,2
133,2018-07-07 14:00,27,,2.7,70,59,3
133,2018-07-07 15:00,27.3,,3.3,90,62,5
133,2018-07-07 16:00,27.3,,3.6,70,59,5
133,2018-07-07 17:00,26.7,,3.1,70,63,6
133,2018-07-07 18:00,25.8,,3.8,110,65,8
133,2018-07-07 19:00,24.8,,3.2,110,67,
133,2018-07-07 20:00,23.8,,2.7,110,68,
133,2018-07-07 21:00,23.2,,4,110,70,7
133,2018-07-07 22:00,22.6,,4,140,72,
133,2018-07-07 23:00,21.3,,3.9,110,67,
133,2018-07-08 0:00,20.3,,2.3,110,72,1
133,2018-07-08 1:00,19.5,,2.7,110,72,
133,2018-07-08 2:00,18.9,,3.5,110,75,
133,2018-07-08 3:00,18.4,,4.3,140,76,4
133,2018-07-08 4:00,18,,4,140,78,0
133,2018-07-08 5:00,17.7,,3.7,110,80,3
133,2018-07-08 6:00,17.7,,0.7,110,81,7
133,2018-07-08 7:00,19,,3.5,140,78,6
133,2018-07-08 8:00,20,,3.1,140,76,9
133,2018-07-08 9:00,22.4,,3,110,71,6
133,2018-07-08 10:00,22.5,,3.9,110,71,9
133,2018-07-08 11:00,23,,3.9,110,67,9
133,2018-07-08 12:00,24.2,,2.2,90,67,8
133,2018-07-08 13:00,25.4,,3.4,90,63,8
133,2018-07-08 14:00,25.5,,3.5,90,65,9
133,2018-07-08 15:00,25.7,,2.6,110,66,9
133,2018-07-08 16:00,25.7,,3.2,90,66,10
133,2018-07-08 17:00,25.3,,2.9,90,67,8
133,2018-07-08 18:00,25,,2.3,90,69,8
133,2018-07-08 19:00,23.7,,3.9,110,73,
133,2018-07-08 20:00,23,,4,110,75,
133,2018-07-08 21:00,22.8,,3.4,110,76,9
133,2018-07-08 22:00,22.4,,3.4,110,77,
133,2018-07-08 23:00,22.1,,3.9,140,79,
133,2018-07-09 0:00,21.8,,3.7,110,80,9
133,2018-07-09 1:00,21.3,,4,140,83,
133,2018-07-09 2:00,21.2,,3.4,140,83,
133,2018-07-09 3:00,20.9,,3.4,110,84,8
133,2018-07-09 4:00,20.7,0,3.8,110,84,10
133,2018-07-09 5:00,20.6,,3.2,110,84,10
133,2018-07-09 6:00,20.5,,3.3,110,85,10
133,2018-07-09 7:00,20.6,,0.9,70,85,10
133,2018-07-09 8:00,20.2,0.1,3.6,110,88,10
133,2018-07-09 9:00,20,0.2,3.1,110,91,10
133,2018-07-09 10:00,19.3,7.1,2.3,110,97,10
133,2018-07-09 11:00,19.7,14,1.3,70,97,10
133,2018-07-09 12:00,19.6,4.6,2.3,110,97,10
133,2018-07-09 13:00,19.9,5.4,0.8,20,97,10
133,2018-07-09 14:00,20.1,4.1,1,70,97,10
133,2018-07-09 15:00,20.5,0,0.4,0,96,10
133,2018-07-09 16:00,20.5,0,3.3,110,96,10
133,2018-07-09 17:00,20.7,,3.5,110,96,10
133,2018-07-09 18:00,20.8,,3.1,110,96,10
133,2018-07-09 19:00,21,,2.1,110,95,
133,2018-07-09 20:00,20.6,,3.8,140,94,
133,2018-07-09 21:00,20.6,,2.5,110,95,10
133,2018-07-09 22:00,20.7,,2.9,140,94,
133,2018-07-09 23:00,20.8,,2.6,110,94,
133,2018-07-10 0:00,20.9,,2.5,110,93,10
133,2018-07-10 1:00,21,,1.6,110,93,
133,2018-07-10 2:00,20.9,,1.8,110,93,
133,2018-07-10 3:00,20.9,,2.8,140,94,9
133,2018-07-10 4:00,20.9,,1.7,110,93,10
133,2018-07-10 5:00,20.6,,1.9,110,94,8
133,2018-07-10 6:00,20.7,,0.8,110,94,9
133,2018-07-10 7:00,21.3,,1,140,93,8
133,2018-07-10 8:00,22.6,,2.4,140,89,4
133,2018-07-10 9:00,24.7,,1.2,90,81,7
133,2018-07-10 10:00,25.7,,0.5,140,78,8
133,2018-07-10 11:00,27.1,,0.8,360,75,9
133,2018-07-10 12:00,28.4,,1.6,140,74,7
133,2018-07-10 13:00,29.4,,1.3,90,71,8
133,2018-07-10 14:00,29.8,,0.6,200,75,9
133,2018-07-10 15:00,30.4,,2.3,200,66,7
133,2018-07-10 16:00,30.8,,3,200,68,6
133,2018-07-10 17:00,31.1,,2.9,180,66,6
133,2018-07-10 18:00,30.3,,1.9,200,68,8
133,2018-07-10 19:00,29.7,,1.8,200,71,
133,2018-07-10 20:00,28.9,,1.1,230,72,
133,2018-07-10 21:00,28.1,,2.1,180,76,6
133,2018-07-10 22:00,27.4,,1.9,230,79,
133,2018-07-10 23:00,26.8,,0.2,0,82,
133,2018-07-11 0:00,26,,0.2,0,87,9
133,2018-07-11 1:00,25.6,,0,0,90,
133,2018-07-11 2:00,25.1,,0,0,92,
133,2018-07-11 3:00,24.9,,0.8,320,93,9
133,2018-07-11 4:00,24.6,,0,0,94,9
133,2018-07-11 5:00,24.5,,0.4,0,94,10
133,2018-07-11 6:00,24.4,,0.1,0,95,8
133,2018-07-11 7:00,25.1,,0,0,93,8
133,2018-07-11 8:00,25.3,0.2,0.2,0,95,10
133,2018-07-11 9:00,26.6,0,0.1,0,90,9
133,2018-07-11 10:00,27.8,,0.4,0,84,9
133,2018-07-11 11:00,28.9,,0.3,0,78,8
133,2018-07-11 12:00,30.3,,1.5,160,75,7
133,2018-07-11 13:00,31.4,,1.8,200,65,6
133,2018-07-11 14:00,31.8,,2.2,250,65,7
133,2018-07-11 15:00,32.3,,3.6,200,63,6
133,2018-07-11 16:00,32.2,,1.8,250,64,6
133,2018-07-11 17:00,32.7,,1.8,250,63,6
133,2018-07-11 18:00,32.1,,1.9,200,66,5
133,2018-07-11 19:00,30.7,,1.3,270,71,
133,2018-07-11 20:00,29.8,,0.6,290,77,
133,2018-07-11 21:00,28.9,,0.5,290,83,7
133,2018-07-11 22:00,28.4,,0.7,270,86,
133,2018-07-11 23:00,28.2,,0.5,320,87,
133,2018-07-12 0:00,27.5,,0.7,290,90,4
133,2018-07-12 1:00,27.2,,0,0,90,
133,2018-07-12 2:00,27,,1.4,270,91,
133,2018-07-12 3:00,26.7,,0.2,0,92,4
133,2018-07-12 4:00,26.4,,0.5,250,92,0
133,2018-07-12 5:00,26.1,,1.3,200,91,6
133,2018-07-12 6:00,25.9,,1.3,200,91,8
133,2018-07-12 7:00,26.4,,0.1,0,90,6
133,2018-07-12 8:00,27.3,,1.2,230,82,5
133,2018-07-12 9:00,28.1,,1,200,79,9
133,2018-07-12 10:00,28.9,,1.8,200,73,9
133,2018-07-12 11:00,30.1,,2,250,69,9
133,2018-07-12 12:00,30.7,,1.5,250,68,8
133,2018-07-12 13:00,31.5,,2.5,200,67,7
133,2018-07-12 14:00,32.2,,1.2,250,64,7
133,2018-07-12 15:00,32.1,,1.9,250,65,8
133,2018-07-12 16:00,32.9,,1.8,320,65,5
133,2018-07-12 17:00,32.7,,1.9,320,64,4
133,2018-07-12 18:00,32,,2.1,320,65,6
133,2018-07-12 19:00,30.7,,2.2,320,68,
133,2018-07-12 20:00,29.6,,1.9,290,73,
133,2018-07-12 21:00,28.8,,0.9,230,75,5
133,2018-07-12 22:00,28,,1.7,200,79,
133,2018-07-12 23:00,27.5,,1.2,230,82,
133,2018-07-13 0:00,27.3,,0.7,230,83,8
133,2018-07-13 1:00,27.1,,0.5,290,84,
133,2018-07-13 2:00,26.8,,1.7,200,87,
133,2018-07-13 3:00,26.6,,0.6,250,89,7
133,2018-07-13 4:00,26.4,,1,340,88,9
133,2018-07-13 5:00,26.2,,0.2,0,88,9
133,2018-07-13 6:00,26.2,,0.4,0,88,9
133,2018-07-13 7:00,26.5,,0.6,200,89,8
133,2018-07-13 8:00,26.9,,0.3,0,89,10
133,2018-07-13 9:00,27.9,,0.8,140,82,8
133,2018-07-13 10:00,28.7,,1,230,77,7
133,2018-07-13 11:00,29.6,,1.4,320,73,8
133,2018-07-13 12:00,30.9,,2.4,200,66,6
133,2018-07-13 13:00,30.6,,1.2,320,71,8
133,2018-07-13 14:00,31.3,,1,270,64,6
133,2018-07-13 15:00,31.3,,1.4,340,70,5
133,2018-07-13 16:00,31.3,,1.2,290,66,3
133,2018-07-13 17:00,32.3,,2.1,230,55,3
133,2018-07-13 18:00,31.8,,1.7,200,59,3
133,2018-07-13 19:00,31.1,,1.8,290,62,
133,2018-07-13 20:00,29.7,,1.8,290,65,
133,2018-07-13 21:00,28.5,,1.5,250,75,0
133,2018-07-13 22:00,27.8,,1.4,180,81,
133,2018-07-13 23:00,27.3,,1.9,200,81,
133,2018-07-14 0:00,26.9,,1.8,200,81,6
133,2018-07-14 1:00,26.2,,1.8,200,84,
133,2018-07-14 2:00,25.9,,0.6,200,86,
133,2018-07-14 3:00,25.9,,0.4,0,88,6
133,2018-07-14 4:00,25.8,,0.6,290,89,8
133,2018-07-14 5:00,25.6,,0.8,340,90,9
133,2018-07-14 6:00,25.5,,0.5,360,90,9
133,2018-07-14 7:00,25.9,,0.9,340,89,6
133,2018-07-14 8:00,27,,0.8,340,82,7
133,2018-07-14 9:00,27.5,,0.9,340,74,9
133,2018-07-14 10:00,29.2,,0.5,360,70,8
133,2018-07-14 11:00,30.1,,1.6,90,65,4
133,2018-07-14 12:00,30.9,,1,360,63,4
133,2018-07-14 13:00,31.9,,1,230,61,3
133,2018-07-14 14:00,31.7,,2.1,290,66,5
133,2018-07-14 15:00,31.6,,1.2,230,64,5
133,2018-07-14 16:00,31.7,,2.1,200,63,3
133,2018-07-14 17:00,32.4,,2.1,200,61,4
133,2018-07-14 18:00,32.3,,0.8,250,59,1
133,2018-07-14 19:00,31.2,,1.3,270,65,
133,2018-07-14 20:00,30,,1.8,290,72,
133,2018-07-14 21:00,29.1,,1.2,230,75,0
133,2018-07-14 22:00,28.1,,1.1,230,76,
133,2018-07-14 23:00,27.4,,1.4,230,80,
133,2018-07-15 0:00,26.5,,0.8,230,84,0
133,2018-07-15 1:00,25.7,,2.5,200,87,
133,2018-07-15 2:00,25.6,,0.8,250,88,
133,2018-07-15 3:00,25.6,,0.4,0,88,9
133,2018-07-15 4:00,25.5,,1,250,88,7
133,2018-07-15 5:00,25.1,,0.6,270,90,5
133,2018-07-15 6:00,24.8,,0.8,270,92,1
133,2018-07-15 7:00,25.7,,0.5,290,88,0
133,2018-07-15 8:00,27.3,,0.5,90,83,0
133,2018-07-15 9:00,28.3,,0.6,140,75,1
133,2018-07-15 10:00,29.9,,0.8,110,67,3
133,2018-07-15 11:00,31,,1,230,64,1
133,2018-07-15 12:00,32.1,,1.3,20,62,1
133,2018-07-15 13:00,33,,1.1,90,57,3
133,2018-07-15 14:00,33.5,,1.6,340,58,3
133,2018-07-15 15:00,33.7,,1.7,320,55,4
133,2018-07-15 16:00,34.2,,2,320,53,2
133,2018-07-15 17:00,33.6,,1.8,340,58,1
133,2018-07-15 18:00,33.2,,1.2,320,56,0
133,2018-07-15 19:00,32.2,,1.2,320,59,
133,2018-07-15 20:00,30.6,,0.9,320,69,
133,2018-07-15 21:00,29.7,,1.4,290,76,0
133,2018-07-15 22:00,28.9,,0.9,340,79,
133,2018-07-15 23:00,28.3,,0.5,360,80,
133,2018-07-16 0:00,27.5,,0.4,0,82,0
133,2018-07-16 1:00,27.1,,0.4,0,84,
133,2018-07-16 2:00,26.3,,0.7,50,86,
133,2018-07-16 3:00,26.2,,0.2,0,85,9
133,2018-07-16 4:00,26.1,,0.4,0,87,9
133,2018-07-16 5:00,25.8,,0.6,270,85,9
133,2018-07-16 6:00,25.7,,0.5,180,83,9
133,2018-07-16 7:00,26.4,,0.5,110,81,2
133,2018-07-16 8:00,27.5,,0.6,160,77,0
133,2018-07-16 9:00,28.9,,0.7,110,75,0
133,2018-07-16 10:00,30.5,,1.2,140,72,0
133,2018-07-16 11:00,31.7,,1,160,66,1
133,2018-07-16 12:00,32.7,,1,140,61,3
133,2018-07-16 13:00,33.3,,1.5,340,64,3
133,2018-07-16 14:00,32.5,,1.4,290,65,3
133,2018-07-16 15:00,33.7,,1.3,340,61,2
133,2018-07-16 16:00,34.2,,1.4,290,55,2
133,2018-07-16 17:00,33.2,,2.5,320,60,3
133,2018-07-16 18:00,33.4,,1.8,320,58,5
133,2018-07-16 19:00,31.9,,2.6,290,66,
133,2018-07-16 20:00,30.4,,1.5,290,70,
133,2018-07-16 21:00,29.3,,1.3,270,71,5
133,2018-07-16 22:00,28.8,,0.9,230,69,
133,2018-07-16 23:00,28.2,,1.5,230,72,
133,2018-07-17 0:00,27.5,,1.4,230,74,2
133,2018-07-17 1:00,27.2,,1.3,250,75,
133,2018-07-17 2:00,26.5,,1.6,200,75,
133,2018-07-17 3:00,26.2,,1.1,230,73,3
133,2018-07-17 4:00,26.2,,0.8,230,74,7
133,2018-07-17 5:00,25.8,,0.4,0,78,7
133,2018-07-17 6:00,25.5,,1,250,78,5
133,2018-07-17 7:00,25.9,,0.6,250,78,0
133,2018-07-17 8:00,27,,1.9,180,72,0
133,2018-07-17 9:00,28.5,,1.5,200,67,0
133,2018-07-17 10:00,29.7,,2.1,180,63,0
133,2018-07-17 11:00,31.3,,1.8,200,59,0
133,2018-07-17 12:00,32.1,,3,180,53,0
133,2018-07-17 13:00,32.9,,1.9,230,55,1
133,2018-07-17 14:00,32.9,,2,290,57,2
133,2018-07-17 15:00,33.1,,1.5,250,56,4
133,2018-07-17 16:00,32.8,,2.2,290,57,2
133,2018-07-17 17:00,32.4,,2.5,320,62,4
133,2018-07-17 18:00,31.8,,2.6,320,65,2
133,2018-07-17 19:00,30.6,,1.9,340,69,
133,2018-07-17 20:00,29.1,,1.1,360,76,
133,2018-07-17 21:00,28,,0.7,360,82,0
133,2018-07-17 22:00,27.3,,1,340,84,
133,2018-07-17 23:00,27,,0.4,0,84,
133,2018-07-18 0:00,26.5,,0.6,320,87,0
133,2018-07-18 1:00,26.1,,0.8,320,89,
133,2018-07-18 2:00,26.1,,1,320,88,
133,2018-07-18 3:00,25.7,,0.7,320,90,3
133,2018-07-18 4:00,25.3,,0.5,320,91,2
133,2018-07-18 5:00,25.3,,0.2,0,92,0
133,2018-07-18 6:00,24.8,,0.3,0,94,1
133,2018-07-18 7:00,25.6,,0.1,0,91,0
133,2018-07-18 8:00,26.8,,0.7,200,85,0
133,2018-07-18 9:00,28.8,,0.9,70,77,1
133,2018-07-18 10:00,30.3,,0.7,50,69,5
133,2018-07-18 11:00,31,,0.8,360,65,6
133,2018-07-18 12:00,31.5,,1.2,340,64,6
133,2018-07-18 13:00,32.1,,1.4,360,63,5
133,2018-07-18 14:00,32,,1,20,66,6
133,2018-07-18 15:00,32.6,,0.4,0,60,5
133,2018-07-18 16:00,32.2,,0.6,340,65,4
133,2018-07-18 17:00,32.6,,1.7,320,61,3
133,2018-07-18 18:00,32.6,,2.1,320,59,3
133,2018-07-18 19:00,31.4,,1.6,320,65,
133,2018-07-18 20:00,29.7,,0.9,320,74,
133,2018-07-18 21:00,29,,1.4,340,76,2
133,2018-07-18 22:00,27.9,,1.5,360,78,
133,2018-07-18 23:00,27,,0.2,0,81,
133,2018-07-19 0:00,26.6,,1.4,20,81,0
133,2018-07-19 1:00,25.8,,0.6,340,83,
133,2018-07-19 2:00,25.9,,0.8,360,77,
133,2018-07-19 3:00,25.6,,0.2,0,79,5
133,2018-07-19 4:00,25.5,,1.1,70,81,5
133,2018-07-19 5:00,24.9,,1,320,83,6
133,2018-07-19 6:00,24.8,,0.3,0,84,3
133,2018-07-19 7:00,25.7,,0.4,0,82,0
133,2018-07-19 8:00,27.1,,0.6,200,76,0
133,2018-07-19 9:00,29.3,,0.6,50,72,0
133,2018-07-19 10:00,30.6,,0.5,140,66,0
133,2018-07-19 11:00,31.9,,0.9,320,63,0
133,2018-07-19 12:00,32.5,,1.2,360,62,3
133,2018-07-19 13:00,33.4,,1.6,340,58,2
133,2018-07-19 14:00,34.1,,1.6,320,58,2
133,2018-07-19 15:00,33.8,,1.1,340,58,2
133,2018-07-19 16:00,34.4,,1.6,320,56,3
133,2018-07-19 17:00,32.8,,2.2,360,61,4
133,2018-07-19 18:00,31.9,,1.8,340,64,2
133,2018-07-19 19:00,31.2,,1.8,340,65,
133,2018-07-19 20:00,29.3,,1.1,340,69,
133,2018-07-19 21:00,28.7,,0.6,360,71,0
133,2018-07-19 22:00,28,,0.8,360,72,
133,2018-07-19 23:00,27.3,,0.7,20,73,
133,2018-07-20 0:00,26.8,,0.4,0,75,0
133,2018-07-20 1:00,26.2,,0.6,20,75,
133,2018-07-20 2:00,25.5,,1.2,360,78,
133,2018-07-20 3:00,25.1,,0.5,360,80,0
133,2018-07-20 4:00,24.5,,0.6,340,84,0
133,2018-07-20 5:00,24.2,,0.5,50,86,0
133,2018-07-20 6:00,23.7,,0.9,320,88,0
133,2018-07-20 7:00,24.8,,0.5,320,85,0
133,2018-07-20 8:00,26.8,,0.2,0,75,0
133,2018-07-20 9:00,28.5,,0.6,360,72,0
133,2018-07-20 10:00,30.4,,0.6,20,67,0
133,2018-07-20 11:00,32.5,,0.7,140,60,0
133,2018-07-20 12:00,33.8,,1.2,180,59,1
133,2018-07-20 13:00,34.2,,0.4,0,57,2
133,2018-07-20 14:00,34.5,,0.9,50,56,2
133,2018-07-20 15:00,35.2,,1.2,340,58,4
133,2018-07-20 16:00,33.6,,1.4,340,61,3
133,2018-07-20 17:00,34.5,,1,340,57,2
133,2018-07-20 18:00,34.2,,0.8,340,58,1
133,2018-07-20 19:00,32.9,,0.5,360,62,
133,2018-07-20 20:00,31.3,,0.9,320,70,
133,2018-07-20 21:00,30,,0.9,320,77,0
133,2018-07-20 22:00,29.8,,1,320,77,
133,2018-07-20 23:00,29.3,,0.6,340,80,
133,2018-07-21 0:00,28.6,,0.7,20,83,0
133,2018-07-21 1:00,27.9,,0.9,360,81,
133,2018-07-21 2:00,27.3,,0.7,20,81,
133,2018-07-21 3:00,26.8,,0.3,0,83,0
133,2018-07-21 4:00,26.2,,0.8,320,87,0
133,2018-07-21 5:00,25.8,,0.7,320,88,0
133,2018-07-21 6:00,25.6,,0.5,320,90,0
133,2018-07-21 7:00,26.3,,0.2,0,88,0
133,2018-07-21 8:00,27.9,,0.4,0,81,0
133,2018-07-21 9:00,29.8,,0.6,340,76,0
133,2018-07-21 10:00,32.1,,1.5,140,70,0
133,2018-07-21 11:00,33.6,,0.8,50,64,1
133,2018-07-21 12:00,34.4,,1.2,340,58,2
133,2018-07-21 13:00,35,,1.3,340,56,4
133,2018-07-21 14:00,35.9,,1.4,50,54,4
133,2018-07-21 15:00,36.1,,1.6,360,54,2
133,2018-07-21 16:00,35.9,,1.3,360,52,1
133,2018-07-21 17:00,35.4,,1.6,340,49,0
133,2018-07-21 18:00,34.8,,1.5,340,53,0
133,2018-07-21 19:00,33.1,,1.8,340,61,
133,2018-07-21 20:00,31.4,,1.4,340,63,
133,2018-07-21 21:00,30.6,,0.8,360,63,1
133,2018-07-21 22:00,30.3,,0.5,320,63,
133,2018-07-21 23:00,29.7,,1.1,320,66,
133,2018-07-22 0:00,28.6,,0.8,320,69,0
133,2018-07-22 1:00,28.2,,1.1,320,69,
133,2018-07-22 2:00,27.4,,0.9,320,74,
133,2018-07-22 3:00,27,,0.8,360,76,0
133,2018-07-22 4:00,26.4,,0.9,320,78,0
133,2018-07-22 5:00,26,,0.4,0,81,0
133,2018-07-22 6:00,25.6,,0.3,0,81,0
133,2018-07-22 7:00,27.2,,0.1,0,79,1
133,2018-07-22 8:00,29.1,,0.5,50,72,6
133,2018-07-22 9:00,30.9,,0.4,0,68,7
133,2018-07-22 10:00,32.9,,0.7,110,64,7
133,2018-07-22 11:00,34.2,,1,50,59,7
133,2018-07-22 12:00,34.9,,0.3,0,55,7
133,2018-07-22 13:00,35.8,,0.5,90,52,8
133,2018-07-22 14:00,34.7,,0.6,340,58,9
133,2018-07-22 15:00,35,,0.9,360,59,8
133,2018-07-22 16:00,35.7,,0.5,270,54,7
133,2018-07-22 17:00,35.1,,1.4,230,56,8
133,2018-07-22 18:00,33.2,,2.4,230,64,8
133,2018-07-22 19:00,32.9,,1.1,270,62,
133,2018-07-22 20:00,31.9,,1.4,230,66,
133,2018-07-22 21:00,31,,0.5,290,69,9
133,2018-07-22 22:00,30.5,,1.2,250,70,
133,2018-07-22 23:00,30,,0.7,230,72,
133,2018-07-23 0:00,29.4,,1.1,270,76,7
133,2018-07-23 1:00,28.9,,1.1,270,78,
133,2018-07-23 2:00,28.2,,0.9,320,83,
133,2018-07-23 3:00,27.8,,1.5,250,83,8
133,2018-07-23 4:00,27.4,,0.8,320,87,7
133,2018-07-23 5:00,26.7,,0.4,0,90,7
133,2018-07-23 6:00,26.5,,0,0,91,8
133,2018-07-23 7:00,27,,0.3,0,89,8
133,2018-07-23 8:00,28,,0.2,0,83,8
133,2018-07-23 9:00,30.3,,0.6,70,70,8
133,2018-07-23 10:00,31.8,,0.8,90,59,8
133,2018-07-23 11:00,33,,1.5,230,58,8
133,2018-07-23 12:00,34.2,,1.3,320,53,7
133,2018-07-23 13:00,34,,1.6,360,57,8
133,2018-07-23 14:00,34.5,,0.7,20,56,7
133,2018-07-23 15:00,34.4,,1.1,320,55,7
133,2018-07-23 16:00,34.8,,1.5,20,54,8
133,2018-07-23 17:00,34.5,,1.7,360,54,8
133,2018-07-23 18:00,33.7,,1.7,360,56,7
133,2018-07-23 19:00,32.8,,1.2,360,60,
133,2018-07-23 20:00,31.3,,0.9,340,64,
133,2018-07-23 21:00,30.7,,1,320,68,0
133,2018-07-23 22:00,29.5,,0.6,320,73,
133,2018-07-23 23:00,29.2,,0.7,20,73,
133,2018-07-24 0:00,28.6,,0.3,0,75,0
133,2018-07-24 1:00,28,,0.8,320,79,
133,2018-07-24 2:00,27.6,,0.6,320,82,
133,2018-07-24 3:00,27.3,,1,320,83,0
133,2018-07-24 4:00,26.7,,0.8,290,85,0
133,2018-07-24 5:00,26.3,,0.8,290,87,5
133,2018-07-24 6:00,26.2,,0.5,290,88,5
133,2018-07-24 7:00,27.3,,0,0,85,1
133,2018-07-24 8:00,29.1,,0.7,140,80,0
133,2018-07-24 9:00,31.2,,1.2,140,71,0
133,2018-07-24 10:00,32.3,,1.6,230,66,0
133,2018-07-24 11:00,33.3,,1,200,63,2
133,2018-07-24 12:00,34.3,,0.9,360,59,2
133,2018-07-24 13:00,35.7,,2.3,290,52,4
133,2018-07-24 14:00,35.5,,1.2,360,57,4
133,2018-07-24 15:00,35.6,,0.7,20,58,6
133,2018-07-24 16:00,34.6,,1.3,20,60,8
133,2018-07-24 17:00,34.4,,1.3,360,59,3
133,2018-07-24 18:00,34.5,,1,360,59,6
133,2018-07-24 19:00,34,,1.2,320,58,
133,2018-07-24 20:00,33,,1.5,270,66,
133,2018-07-24 21:00,31.9,,1.2,250,69,6
133,2018-07-24 22:00,31,,2,200,75,
133,2018-07-24 23:00,29.8,,2.2,180,78,
133,2018-07-25 0:00,29.2,,1.8,200,79,3
133,2018-07-25 1:00,29.1,,2,180,80,
133,2018-07-25 2:00,28.7,,3.4,180,83,
133,2018-07-25 3:00,28.5,,2.2,200,85,8
133,2018-07-25 4:00,28.4,,1.6,180,82,8
133,2018-07-25 5:00,27.9,,1,250,82,7
133,2018-07-25 6:00,27.5,,1.7,180,85,4
133,2018-07-25 7:00,28.1,,1.3,200,84,1
133,2018-07-25 8:00,29.3,,1.6,200,77,1
133,2018-07-25 9:00,30.1,,1.4,200,73,4
133,2018-07-25 10:00,31,,1.4,250,69,5
133,2018-07-25 11:00,32.1,,3.2,180,64,7
133,2018-07-25 12:00,32.4,,1.9,200,64,7
133,2018-07-25 13:00,33.1,,2.5,200,61,7
133,2018-07-25 14:00,33.5,,2.2,200,60,5
133,2018-07-25 15:00,33.7,,1.6,230,60,6
133,2018-07-25 16:00,34,,1.6,270,59,4
133,2018-07-25 17:00,34,,1.8,230,60,1
133,2018-07-25 18:00,33.6,,2.1,270,62,1
133,2018-07-25 19:00,32.1,,2.6,320,68,
133,2018-07-25 20:00,30.7,,1.3,290,72,
133,2018-07-25 21:00,30,,1,320,75,1
133,2018-07-25 22:00,29.4,,0.7,320,76,
133,2018-07-25 23:00,29.1,,0.9,230,77,
133,2018-07-26 0:00,28.7,,1.2,230,80,8
133,2018-07-26 1:00,28.1,,1.2,230,83,
133,2018-07-26 2:00,27.6,,1.3,200,86,
133,2018-07-26 3:00,27.1,,0.3,0,88,2
133,2018-07-26 4:00,26.9,,0.4,0,89,5
133,2018-07-26 5:00,26.5,,0.6,290,91,1
133,2018-07-26 6:00,26.2,,0.3,0,92,2
133,2018-07-26 7:00,26.9,,1,320,90,8
133,2018-07-26 8:00,28.6,,0.4,0,85,3
133,2018-07-26 9:00,30.6,,0.5,70,75,3
133,2018-07-26 10:00,31.7,,1.2,200,65,5
133,2018-07-26 11:00,31.7,,1.1,320,69,6
133,2018-07-26 12:00,33.4,,1.6,250,58,4
133,2018-07-26 13:00,34.6,,1.7,270,55,3
133,2018-07-26 14:00,35,,1.7,230,54,4
133,2018-07-26 15:00,34.6,,1.1,160,55,6
133,2018-07-26 16:00,34.5,,1.6,340,61,3
133,2018-07-26 17:00,33.5,,1.6,320,65,3
133,2018-07-26 18:00,34,,1.5,340,60,5
133,2018-07-26 19:00,32.9,,1.5,320,65,
133,2018-07-26 20:00,31.6,,1.1,320,71,
133,2018-07-26 21:00,30.6,,1,320,73,1
133,2018-07-26 22:00,30.3,,1.2,250,72,
133,2018-07-26 23:00,29.8,,1.5,230,75,
133,2018-07-27 0:00,29,,1.3,230,78,0
133,2018-07-27 1:00,28.4,,0.2,0,81,
133,2018-07-27 2:00,27.9,,0.1,0,82,
133,2018-07-27 3:00,27.4,,0.7,320,87,0
133,2018-07-27 4:00,27.1,,1,320,88,0
133,2018-07-27 5:00,26.5,,1,320,90,0
133,2018-07-27 6:00,26.4,,0.5,290,89,2
133,2018-07-27 7:00,26.7,,0,0,88,5
133,2018-07-27 8:00,28.4,,0.8,140,86,3
133,2018-07-27 9:00,30.6,,0.4,0,76,2
133,2018-07-27 10:00,32.2,,0.8,90,70,3
133,2018-07-27 11:00,33.8,,0.9,70,63,3
133,2018-07-27 12:00,34.3,,1.1,180,58,3
133,2018-07-27 13:00,35.1,,1.2,340,56,4
133,2018-07-27 14:00,36.1,,1.1,360,51,2
133,2018-07-27 15:00,36.6,,1.5,340,49,2
133,2018-07-27 16:00,37.1,,1.8,320,50,1
133,2018-07-27 17:00,36,,1.6,360,56,1
133,2018-07-27 18:00,34.8,,1.6,360,58,0
133,2018-07-27 19:00,33.7,,1.9,340,66,
133,2018-07-27 20:00,32.2,,1.2,340,72,
133,2018-07-27 21:00,31,,2.5,360,75,0
133,2018-07-27 22:00,29.8,,1.6,340,76,
133,2018-07-27 23:00,29.2,,0.8,20,76,
133,2018-07-28 0:00,28.8,,0.6,320,79,0
133,2018-07-28 1:00,28.3,,0.5,20,81,
133,2018-07-28 2:00,28,,0.4,0,82,
133,2018-07-28 3:00,27.6,,1.1,20,84,1
133,2018-07-28 4:00,27.2,,0.4,0,86,2
133,2018-07-28 5:00,26.9,,0.6,20,88,0
133,2018-07-28 6:00,26.7,,0.8,20,90,0
133,2018-07-28 7:00,27.1,,0.5,20,90,1
133,2018-07-28 8:00,28.4,,0.5,360,85,0
133,2018-07-28 9:00,30.3,,0.6,90,77,3
133,2018-07-28 10:00,31.7,,0.7,50,69,1
133,2018-07-28 11:00,33.6,,1,340,65,2
133,2018-07-28 12:00,34.5,,1.2,90,63,6
133,2018-07-28 13:00,35,,1.4,320,59,3
133,2018-07-28 14:00,35.8,,1.7,20,57,3
133,2018-07-28 15:00,36.4,,1.8,340,55,3
133,2018-07-28 16:00,34.6,,3.1,20,59,8
133,2018-07-28 17:00,27.9,1.2,2.4,360,86,8
133,2018-07-28 18:00,27.2,0,0.9,180,91,10
133,2018-07-28 19:00,27.3,,1.1,360,92,
133,2018-07-28 20:00,26.7,,0.6,320,93,
133,2018-07-28 21:00,26.7,,0.9,320,93,6
133,2018-07-28 22:00,26.7,,1.2,340,94,
133,2018-07-28 23:00,26.8,,0.2,0,93,
133,2018-07-29 0:00,26.5,,0.3,0,94,2
133,2018-07-29 1:00,26.2,,0.4,0,95,
133,2018-07-29 2:00,26.1,,0.8,320,96,
133,2018-07-29 3:00,26.1,,0.1,0,97,0
133,2018-07-29 4:00,25.9,,0.8,340,97,0
133,2018-07-29 5:00,25.7,,0.9,360,98,0
133,2018-07-29 6:00,25.5,,1.1,290,98,0
133,2018-07-29 7:00,26.3,,0.3,0,96,1
133,2018-07-29 8:00,27.9,,0.9,20,90,0
133,2018-07-29 9:00,29.3,,0.9,320,78,0
133,2018-07-29 10:00,31.2,,1.2,360,69,0
133,2018-07-29 11:00,31.6,,2.5,360,66,6
133,2018-07-29 12:00,32.1,,1.8,360,65,6
133,2018-07-29 13:00,33,,1.6,20,63,7
133,2018-07-29 14:00,33.6,,2.3,360,59,5
133,2018-07-29 15:00,34.4,,2,340,53,2
133,2018-07-29 16:00,35.3,,3.4,340,53,3
133,2018-07-29 17:00,35,,2,20,47,3
133,2018-07-29 18:00,34.2,,3.8,20,43,4
133,2018-07-29 19:00,32.6,,2.4,360,51,
133,2018-07-29 20:00,31.7,,2.6,20,50,
133,2018-07-29 21:00,30.6,,2.8,50,55,3
133,2018-07-29 22:00,29.8,,2.3,50,60,
133,2018-07-29 23:00,29,,1.6,20,64,
133,2018-07-30 0:00,28.5,,1.2,50,67,5
133,2018-07-30 1:00,27.6,,1.2,20,71,
133,2018-07-30 2:00,27.1,,1.5,20,74,
133,2018-07-30 3:00,26.7,,0.9,20,76,1
133,2018-07-30 4:00,26.4,,0.7,340,78,2
133,2018-07-30 5:00,26.1,,0.8,20,80,6
133,2018-07-30 6:00,26.1,,1.2,320,81,3
133,2018-07-30 7:00,27.2,,1.6,360,79,3
133,2018-07-30 8:00,29.6,,3.7,90,72,5
133,2018-07-30 9:00,29.4,,3.9,110,73,6
133,2018-07-30 10:00,31.4,,4.2,110,66,6
133,2018-07-30 11:00,32.3,,5.1,90,62,8
133,2018-07-30 12:00,32.6,,2.9,110,62,9
133,2018-07-30 13:00,33.8,,2.6,90,59,8
133,2018-07-30 14:00,34.5,,3.6,90,54,8
133,2018-07-30 15:00,34.5,,2.6,140,52,7
133,2018-07-30 16:00,35.4,,3.8,90,51,7
133,2018-07-30 17:00,35.2,,2.2,140,53,3
133,2018-07-30 18:00,34.7,,3,110,52,5
133,2018-07-30 19:00,33.3,,2.3,90,57,
133,2018-07-30 20:00,31.8,,2.6,110,63,
133,2018-07-30 21:00,30.9,,2.7,110,65,0
133,2018-07-30 22:00,30.2,,3.7,110,68,
133,2018-07-30 23:00,29.5,,3,110,70,
133,2018-07-31 0:00,28.9,,1.9,110,71,0
133,2018-07-31 1:00,28.1,,3.1,140,71,
133,2018-07-31 2:00,27.4,,3,110,72,
133,2018-07-31 3:00,26.8,,3.8,110,74,0
133,2018-07-31 4:00,26.3,,1.7,110,75,0
133,2018-07-31 5:00,25.8,,1,90,78,0
133,2018-07-31 6:00,25.4,,1.3,70,80,0
133,2018-07-31 7:00,26.5,,0.9,20,78,0
133,2018-07-31 8:00,28.3,,1.1,70,70,0
133,2018-07-31 9:00,30.6,,2.5,90,62,0
133,2018-07-31 10:00,32.2,,3.1,140,57,0
133,2018-07-31 11:00,33.6,,3.8,140,55,1
133,2018-07-31 12:00,34.6,,3,90,52,2
133,2018-07-31 13:00,35.7,,2.6,70,49,2
133,2018-07-31 14:00,36.4,,2.7,90,45,4
133,2018-07-31 15:00,36.7,,2.4,70,43,3
133,2018-07-31 16:00,36.7,,2.5,90,43,3
133,2018-07-31 17:00,35.9,,2.6,50,45,2
133,2018-07-31 18:00,35.6,,1.4,70,47,2
133,2018-07-31 19:00,34.6,,1.3,70,51,
133,2018-07-31 20:00,33.2,,0.8,20,57,
133,2018-07-31 21:00,31.7,,1,320,66,0
133,2018-07-31 22:00,30.7,,0.8,70,71,
133,2018-07-31 23:00,30.4,,1,290,73,
133,2018-08-01 0:00,29.6,,0.7,340,76,0
159,2018-07-01 1:00,20,0.1,1.4,50,98,10
159,2018-07-01 2:00,20.4,4.6,2.1,50,98,10
159,2018-07-01 3:00,20.4,6.7,2,50,98,10
159,2018-07-01 4:00,20.7,1.5,2.8,70,98,10
159,2018-07-01 5:00,21,0.3,2.9,50,98,10
159,2018-07-01 6:00,21.4,0,2,90,98,10
159,2018-07-01 7:00,21.3,0.5,1.7,70,98,10
159,2018-07-01 8:00,21.8,,1.8,20,98,10
159,2018-07-01 9:00,22.9,,2.1,70,98,9
159,2018-07-01 10:00,23.9,,2.1,70,95,9
159,2018-07-01 11:00,26.1,,2,90,85,8
159,2018-07-01 12:00,27.2,,2,160,76,9
159,2018-07-01 13:00,27.4,,2.9,200,76,9
159,2018-07-01 14:00,27.8,,3.8,200,73,9
159,2018-07-01 15:00,28.3,,4.1,200,71,8
159,2018-07-01 16:00,28,,3.8,200,71,8
159,2018-07-01 17:00,27.1,,3,200,77,8
159,2018-07-01 18:00,26.4,,2.1,230,77,9
159,2018-07-01 19:00,25.7,,1.7,70,80,
159,2018-07-01 20:00,25.6,,1.3,50,80,
159,2018-07-01 21:00,25.5,0,1.3,50,81,10
159,2018-07-01 22:00,24.3,0.2,2.2,50,92,10
159,2018-07-01 23:00,24.1,0,1.2,90,93,10
159,2018-07-02 0:00,24,,2,70,93,10
159,2018-07-02 1:00,23.9,0.1,1.9,50,96,10
159,2018-07-02 2:00,23.8,0.5,2,70,95,10
159,2018-07-02 3:00,23.6,0.4,0.8,110,96,10
159,2018-07-02 4:00,22.9,1.4,3.6,230,97,10
159,2018-07-02 5:00,22.9,0.1,2.6,200,97,10
159,2018-07-02 6:00,22.9,,3.3,250,97,10
159,2018-07-02 7:00,23.3,,3.8,230,97,10
159,2018-07-02 8:00,24.5,,3.4,250,95,10
159,2018-07-02 9:00,25.2,,3.3,230,90,9
159,2018-07-02 10:00,26,,3.3,230,83,9
159,2018-07-02 11:00,28,0,3.1,200,74,10
159,2018-07-02 12:00,28.8,,3,200,71,10
159,2018-07-02 13:00,28.6,,1.9,180,70,10
159,2018-07-02 14:00,28.2,,3.4,110,75,8
159,2018-07-02 15:00,28.2,,1.2,90,77,9
159,2018-07-02 16:00,27.2,,2.7,50,81,9
159,2018-07-02 17:00,26.6,,1.6,50,83,9
159,2018-07-02 18:00,25.5,,2.9,90,85,9
159,2018-07-02 19:00,25.1,,1.8,70,86,
159,2018-07-02 20:00,24.9,,1.8,70,86,
159,2018-07-02 21:00,24.8,,2,70,87,9
159,2018-07-02 22:00,24.8,,2.2,70,86,
159,2018-07-02 23:00,24.6,0.2,2.4,50,91,10
159,2018-07-03 0:00,24.4,0,2.5,50,91,10
159,2018-07-03 1:00,24.1,0.7,2.9,90,91,10
159,2018-07-03 2:00,23.5,0.4,2.9,70,95,10
159,2018-07-03 3:00,23.5,0.1,2.8,70,94,10
159,2018-07-03 4:00,23.4,0.1,3.3,90,95,10
159,2018-07-03 5:00,23.3,1,3.6,90,95,10
159,2018-07-03 6:00,23.3,1.5,3.8,90,96,10
159,2018-07-03 7:00,23.4,0.3,4,70,95,10
159,2018-07-03 8:00,23.3,1.4,4.3,70,95,10
159,2018-07-03 9:00,23,2,4.3,70,95,10
159,2018-07-03 10:00,22.9,1.6,4.2,70,95,10
159,2018-07-03 11:00,22.6,3.2,4.9,50,96,10
159,2018-07-03 12:00,22.5,4.5,5.4,50,96,10
159,2018-07-03 13:00,22.2,5.4,6,50,96,10
159,2018-07-03 14:00,22.2,9.3,5.7,50,97,10
159,2018-07-03 15:00,22.2,10.1,5.3,50,97,10
159,2018-07-03 16:00,22.2,8.5,6.8,50,96,10
159,2018-07-03 17:00,22.4,2.2,6.6,70,96,10
159,2018-07-03 18:00,22.3,4.3,6.3,50,96,10
159,2018-07-03 19:00,22.5,6.3,7.9,50,96,10
159,2018-07-03 20:00,22.6,11.5,6.7,50,96,10
159,2018-07-03 21:00,22.5,5.6,6.6,50,96,10
159,2018-07-03 22:00,22.6,3.6,5.2,50,96,10
159,2018-07-03 23:00,22.6,4.4,4.4,360,97,10
159,2018-07-04 0:00,22.4,2.9,3.5,320,97,10
159,2018-07-04 1:00,22.3,1.3,4,270,95,10
159,2018-07-04 2:00,22.6,0,3.7,290,91,10
159,2018-07-04 3:00,22.8,,5.3,290,89,7
159,2018-07-04 4:00,22.8,,4.6,250,91,10
159,2018-07-04 5:00,23,,5,290,87,7
159,2018-07-04 6:00,23.4,,3.5,250,85,7
159,2018-07-04 7:00,24.2,,1.1,160,83,3
159,2018-07-04 8:00,24.5,,4.2,200,83,3
159,2018-07-04 9:00,25.6,,2.4,200,80,2
159,2018-07-04 10:00,26.5,,4.3,200,77,1
159,2018-07-04 11:00,27.1,,4.8,200,74,1
159,2018-07-04 12:00,27.9,,4.2,200,73,8
159,2018-07-04 13:00,28.1,,5.2,200,70,7
159,2018-07-04 14:00,27.5,,4.3,230,71,8
159,2018-07-04 15:00,29.3,,6,230,61,7
159,2018-07-04 16:00,26.2,,5.6,200,82,8
159,2018-07-04 17:00,24.9,,5.1,200,87,8
159,2018-07-04 18:00,24.2,,4.7,200,90,9
159,2018-07-04 19:00,23.7,,2.6,200,92,
159,2018-07-04 20:00,23.3,,1.4,160,95,
159,2018-07-04 21:00,23.2,,1.5,230,95,8
159,2018-07-04 22:00,23.3,,2.1,200,94,
159,2018-07-04 23:00,23.4,,1.8,180,94,
159,2018-07-05 0:00,23.4,,1.7,200,94,10
159,2018-07-05 1:00,23.3,,1.1,160,94,
159,2018-07-05 2:00,23.2,0,0.2,0,95,10
159,2018-07-05 3:00,23,,1.1,90,96,10
159,2018-07-05 4:00,22.9,,0.9,70,97,10
159,2018-07-05 5:00,22.7,0,1.1,70,97,10
159,2018-07-05 6:00,22.6,0,1.5,70,97,10
159,2018-07-05 7:00,22.5,0.5,1.4,70,97,10
159,2018-07-05 8:00,22.5,0.5,1.4,90,97,10
159,2018-07-05 9:00,22.5,0.4,2.2,90,96,10
159,2018-07-05 10:00,23.1,0,1.6,70,95,10
159,2018-07-05 11:00,23.1,1,1.8,70,96,10
159,2018-07-05 12:00,23.1,1.7,0.8,90,97,10
159,2018-07-05 13:00,23.6,0.3,1.1,70,96,10
159,2018-07-05 14:00,25,0.1,1.4,70,92,10
159,2018-07-05 15:00,24.6,,1.7,90,90,10
159,2018-07-05 16:00,24.3,,2.7,110,89,10
159,2018-07-05 17:00,24.2,,2.4,70,85,10
159,2018-07-05 18:00,23.6,,2.3,70,89,10
159,2018-07-05 19:00,22.9,,2.7,90,90,
159,2018-07-05 20:00,22.6,,2.2,70,91,
159,2018-07-05 21:00,22.3,0.1,2.4,70,94,10
159,2018-07-05 22:00,21.9,0.6,2.4,70,96,10
159,2018-07-05 23:00,21.8,0.1,2,70,94,10
159,2018-07-06 0:00,21.7,0,2.5,50,94,10
159,2018-07-06 1:00,21.6,0.3,2.9,70,95,10
159,2018-07-06 2:00,21.5,0.2,2.3,50,95,10
159,2018-07-06 3:00,21.5,0,2.6,50,95,10
159,2018-07-06 4:00,21.3,0.7,2.9,50,97,10
159,2018-07-06 5:00,21.1,0.1,2.8,50,97,10
159,2018-07-06 6:00,21.2,,3.5,50,95,10
159,2018-07-06 7:00,21.4,,4.3,50,94,10
159,2018-07-06 8:00,21.5,,3.3,50,94,10
159,2018-07-06 9:00,21.6,,3,70,92,10
159,2018-07-06 10:00,21.2,0,3,50,95,10
159,2018-07-06 11:00,21.3,0.7,2.4,50,96,10
159,2018-07-06 12:00,21.4,0.2,3.4,70,94,10
159,2018-07-06 13:00,21.5,0.1,3.9,50,93,10
159,2018-07-06 14:00,21.3,0,3.1,50,94,10
159,2018-07-06 15:00,21,0,3.6,50,90,10
159,2018-07-06 16:00,20.3,0.3,4.8,50,93,10
159,2018-07-06 17:00,20.3,0.3,4.1,50,90,10
159,2018-07-06 18:00,20.5,,5.1,50,87,10
159,2018-07-06 19:00,20.3,,5.3,50,85,
159,2018-07-06 20:00,20,,4.4,50,83,
159,2018-07-06 21:00,19.8,,5.1,50,84,9
159,2018-07-06 22:00,19.5,,3.3,50,86,
159,2018-07-06 23:00,19.4,,2.8,50,85,
159,2018-07-07 0:00,19.3,,4.4,50,82,9
159,2018-07-07 1:00,19.1,,2.7,50,83,
159,2018-07-07 2:00,19,,3.7,50,83,
159,2018-07-07 3:00,18.8,,3.5,50,85,9
159,2018-07-07 4:00,18.9,,3.5,50,83,9
159,2018-07-07 5:00,18.8,,4.2,50,84,9
159,2018-07-07 6:00,18.8,,3.2,50,83,8
159,2018-07-07 7:00,19,,4,50,84,8
159,2018-07-07 8:00,19.6,,4.1,50,81,9
159,2018-07-07 9:00,21,,4,50,72,8
159,2018-07-07 10:00,21.8,,4.4,50,72,8
159,2018-07-07 11:00,21,,4.3,50,76,9
159,2018-07-07 12:00,21.8,,4.4,50,75,9
159,2018-07-07 13:00,22.5,,4.5,20,69,8
159,2018-07-07 14:00,22.3,,3,50,69,9
159,2018-07-07 15:00,22.1,,3.1,50,70,9
159,2018-07-07 16:00,22,,5.5,50,69,9
159,2018-07-07 17:00,21.1,,4.5,50,73,9
159,2018-07-07 18:00,20.2,,4.1,50,74,9
159,2018-07-07 19:00,19.4,,4.9,50,75,
159,2018-07-07 20:00,18.8,,5.2,50,74,
159,2018-07-07 21:00,18.8,,4.2,50,74,9
159,2018-07-07 22:00,18.9,,3.4,50,77,
159,2018-07-07 23:00,18.8,,3.8,50,78,
159,2018-07-08 0:00,18.6,,3.9,50,79,9
159,2018-07-08 1:00,18.4,,3.8,50,80,
159,2018-07-08 2:00,18,,4.3,50,83,
159,2018-07-08 3:00,17.9,,3.3,50,84,9
159,2018-07-08 4:00,18,,4.1,50,83,9
159,2018-07-08 5:00,17.8,,4.5,50,84,9
159,2018-07-08 6:00,17.8,,3.9,50,84,8
159,2018-07-08 7:00,18.3,,3.2,50,81,9
159,2018-07-08 8:00,18.9,,3.7,50,78,9
159,2018-07-08 9:00,19.4,,3.9,50,80,9
159,2018-07-08 10:00,20.1,,3.5,50,76,9
159,2018-07-08 11:00,21.6,,3.6,50,73,9
159,2018-07-08 12:00,21.9,,3.4,20,72,10
159,2018-07-08 13:00,23,,3.2,50,72,9
159,2018-07-08 14:00,23.2,,3.5,50,69,9
159,2018-07-08 15:00,22.1,,3.5,50,76,10
159,2018-07-08 16:00,21.1,,3.6,50,78,10
159,2018-07-08 17:00,21,,3.2,50,77,10
159,2018-07-08 18:00,20.5,,3,50,78,10
159,2018-07-08 19:00,20,,3.4,50,82,
159,2018-07-08 20:00,19.8,,3.3,50,82,
159,2018-07-08 21:00,19.6,,3.5,50,82,9
159,2018-07-08 22:00,19.6,,3.7,50,82,
159,2018-07-08 23:00,19,0,3.7,50,90,10
159,2018-07-09 0:00,18.7,0,4.2,50,91,10
159,2018-07-09 1:00,18.6,0,4.2,50,91,10
159,2018-07-09 2:00,18.5,0,3.8,50,92,10
159,2018-07-09 3:00,18.5,0,4.1,50,92,10
159,2018-07-09 4:00,18.5,0.2,4.2,50,95,10
159,2018-07-09 5:00,18.6,0,3.5,50,94,10
159,2018-07-09 6:00,18.7,0,3.4,50,93,10
159,2018-07-09 7:00,18.9,0,3.6,50,95,10
159,2018-07-09 8:00,19.2,0,3.9,50,93,10
159,2018-07-09 9:00,19.4,0.9,3.2,50,95,10
159,2018-07-09 10:00,19.4,1.2,3.6,50,97,10
159,2018-07-09 11:00,19.6,0.1,2.2,90,97,10
159,2018-07-09 12:00,19.9,1.3,2.7,50,95,10
159,2018-07-09 13:00,20.1,0.3,2.2,90,96,10
159,2018-07-09 14:00,21,0,2.4,70,94,10
159,2018-07-09 15:00,21.8,,1.7,70,91,10
159,2018-07-09 16:00,22,0,1.8,50,92,10
159,2018-07-09 17:00,22.1,0,2.2,70,89,10
159,2018-07-09 18:00,21.3,,2.5,70,90,10
159,2018-07-09 19:00,20.8,,2.3,70,91,
159,2018-07-09 20:00,20.5,,2,70,92,
159,2018-07-09 21:00,20.3,,2.6,70,92,4
159,2018-07-09 22:00,20.3,,2.1,50,92,
159,2018-07-09 23:00,20.3,,2.1,70,92,
159,2018-07-10 0:00,20.1,,1.4,70,94,6
159,2018-07-10 1:00,19.8,,1.5,70,95,
159,2018-07-10 2:00,19.6,,1.9,70,95,
159,2018-07-10 3:00,19.7,,2,70,94,6
159,2018-07-10 4:00,19.5,,0.8,110,95,5
159,2018-07-10 5:00,19.8,,1.4,70,95,8
159,2018-07-10 6:00,20,,1.4,50,94,10
159,2018-07-10 7:00,20.8,,1.2,70,92,10
159,2018-07-10 8:00,21.5,,1.5,70,91,10
159,2018-07-10 9:00,22.9,,1,90,88,10
159,2018-07-10 10:00,24.6,,1.8,110,84,10
159,2018-07-10 11:00,26.6,,2.2,110,81,6
159,2018-07-10 12:00,27.9,,1,110,75,6
159,2018-07-10 13:00,28.1,,1.8,160,73,5
159,2018-07-10 14:00,28,,1.1,90,75,3
159,2018-07-10 15:00,27.6,,1.3,70,76,8
159,2018-07-10 16:00,26.6,,1.5,70,80,9
159,2018-07-10 17:00,26.7,,1.1,90,79,7
159,2018-07-10 18:00,26.1,,1,50,82,7
159,2018-07-10 19:00,25.4,,1.5,50,85,
159,2018-07-10 20:00,24.6,,1.6,50,87,
159,2018-07-10 21:00,24.7,,0.8,20,81,7
159,2018-07-10 22:00,24.5,,0.7,70,84,
159,2018-07-10 23:00,23.7,,1.9,50,89,
159,2018-07-11 0:00,22.7,,2.2,50,94,8
159,2018-07-11 1:00,22.7,,1.6,50,95,
159,2018-07-11 2:00,23,,2,70,92,
159,2018-07-11 3:00,23,,1.2,20,91,7
159,2018-07-11 4:00,23,,1.4,50,92,8
159,2018-07-11 5:00,23,,1.6,70,91,7
159,2018-07-11 6:00,23.1,,1.4,50,90,6
159,2018-07-11 7:00,24.8,,0.8,90,85,7
159,2018-07-11 8:00,25.9,,0.8,70,80,8
159,2018-07-11 9:00,26.9,,0.6,200,76,8
159,2018-07-11 10:00,27.6,,1.7,200,73,7
159,2018-07-11 11:00,27.6,,2.8,230,75,7
159,2018-07-11 12:00,28.5,,2.8,230,70,3
159,2018-07-11 13:00,30.1,,4.5,200,66,3
159,2018-07-11 14:00,30.2,,5.7,200,66,2
159,2018-07-11 15:00,29.9,,6.4,200,66,3
159,2018-07-11 16:00,29.7,,5.6,200,66,1
159,2018-07-11 17:00,28.8,,5.9,200,72,3
159,2018-07-11 18:00,28.9,,4.7,230,72,4
159,2018-07-11 19:00,28.2,,2.9,200,73,
159,2018-07-11 20:00,26.6,,2.6,180,79,
159,2018-07-11 21:00,26.3,,1.6,200,81,5
159,2018-07-11 22:00,25.9,,1.8,200,83,
159,2018-07-11 23:00,26.4,,4,290,80,
159,2018-07-12 0:00,26.2,,4.6,270,82,7
159,2018-07-12 1:00,25.9,,5.1,270,84,
159,2018-07-12 2:00,25.8,,4.5,270,83,
159,2018-07-12 3:00,25.8,,5.2,270,81,2
159,2018-07-12 4:00,25.3,,2.8,270,83,2
159,2018-07-12 5:00,25.2,,4.4,270,85,3
159,2018-07-12 6:00,25.1,,4.2,270,88,3
159,2018-07-12 7:00,26.1,,5.1,270,84,2
159,2018-07-12 8:00,27.8,,4.9,270,76,1
159,2018-07-12 9:00,28.9,,3.9,250,72,5
159,2018-07-12 10:00,29.5,,5.7,250,69,7
159,2018-07-12 11:00,29.6,,6.8,250,72,6
159,2018-07-12 12:00,30.1,,4.9,270,71,8
159,2018-07-12 13:00,30.1,,5,200,72,8
159,2018-07-12 14:00,29.8,,6.3,200,70,9
159,2018-07-12 15:00,29.1,,5,180,74,8
159,2018-07-12 16:00,28.8,,4.3,180,73,6
159,2018-07-12 17:00,28,,4.4,200,75,5
159,2018-07-12 18:00,27.2,,4.5,200,79,4
159,2018-07-12 19:00,26.5,,4.3,200,82,
159,2018-07-12 20:00,26.4,,4,200,80,
159,2018-07-12 21:00,26.6,,2.8,230,81,4
159,2018-07-12 22:00,26.5,,4.2,270,83,
159,2018-07-12 23:00,26.1,,4.7,270,85,
159,2018-07-13 0:00,26.4,,3.3,290,80,5
159,2018-07-13 1:00,25.8,,3,270,87,
159,2018-07-13 2:00,25.6,,2.5,250,89,
159,2018-07-13 3:00,25.3,,2.6,270,90,5
159,2018-07-13 4:00,25.3,,3,290,89,4
159,2018-07-13 5:00,25.2,,2.7,270,91,3
159,2018-07-13 6:00,25,,3.2,270,92,4
159,2018-07-13 7:00,25.8,,2.6,270,90,3
159,2018-07-13 8:00,27.9,,2.4,290,78,2
159,2018-07-13 9:00,29.7,,2,320,73,0
159,2018-07-13 10:00,28.5,,3.1,200,76,2
159,2018-07-13 11:00,28.6,,2.5,230,77,1
159,2018-07-13 12:00,28.1,,4.1,230,78,0
159,2018-07-13 13:00,28.2,,4.1,200,81,2
159,2018-07-13 14:00,28.3,,3.4,200,77,4
159,2018-07-13 15:00,29,,3.7,200,78,7
159,2018-07-13 16:00,28.8,,3,230,74,6
159,2018-07-13 17:00,28.3,,3.1,200,78,3
159,2018-07-13 18:00,27.1,,3.2,230,82,1
159,2018-07-13 19:00,26.2,,2.2,200,87,
159,2018-07-13 20:00,25.5,,1.5,250,90,
159,2018-07-13 21:00,24.8,,1.4,250,92,2
159,2018-07-13 22:00,25.1,,1.9,270,88,
159,2018-07-13 23:00,25.6,,1.7,230,86,
159,2018-07-14 0:00,26.6,,3.2,230,82,0
159,2018-07-14 1:00,26.3,,2,270,85,
159,2018-07-14 2:00,26.4,,3.1,320,84,
159,2018-07-14 3:00,27.1,,4,360,82,0
159,2018-07-14 4:00,26.2,,1.6,250,89,0
159,2018-07-14 5:00,26.1,,3.4,290,87,0
159,2018-07-14 6:00,26.1,,3,320,87,0
159,2018-07-14 7:00,27,,3.2,340,86,0
159,2018-07-14 8:00,28.3,,1.8,270,76,0
159,2018-07-14 9:00,30,,3.1,290,74,0
159,2018-07-14 10:00,30.9,,2.5,200,69,0
159,2018-07-14 11:00,29.7,,3.4,200,76,0
159,2018-07-14 12:00,30,,2.8,200,73,0
159,2018-07-14 13:00,29.3,,4.7,200,77,0
159,2018-07-14 14:00,29,,3.7,200,75,0
159,2018-07-14 15:00,29.5,,4.5,200,74,0
159,2018-07-14 16:00,29.3,,3.7,230,67,0
159,2018-07-14 17:00,28.6,,3.8,200,70,0
159,2018-07-14 18:00,27.4,,3.3,200,77,0
159,2018-07-14 19:00,26.1,,2.5,250,84,
159,2018-07-14 20:00,25.1,,1.9,250,88,
159,2018-07-14 21:00,25.1,,1.6,250,88,0
159,2018-07-14 22:00,25.4,,1.7,270,83,
159,2018-07-14 23:00,25.2,,2.5,270,84,
159,2018-07-15 0:00,25.3,,1.3,230,84,0
159,2018-07-15 1:00,24.1,,1.4,250,93,
159,2018-07-15 2:00,24,,1.7,250,92,
159,2018-07-15 3:00,23.6,,2,250,95,0
159,2018-07-15 4:00,24.6,,2,250,90,0
159,2018-07-15 5:00,24.5,,1.9,270,92,0
159,2018-07-15 6:00,24.3,,2,290,93,0
159,2018-07-15 7:00,26.9,,0.9,110,83,0
159,2018-07-15 8:00,27.6,,1,250,75,0
159,2018-07-15 9:00,28.9,,1.4,230,72,0
159,2018-07-15 10:00,29.8,,2,230,71,0
159,2018-07-15 11:00,30.1,,2.9,200,72,0
159,2018-07-15 12:00,30,,3.8,200,75,0
159,2018-07-15 13:00,29.6,,5.2,200,77,0
159,2018-07-15 14:00,29.6,,4.7,200,75,0
159,2018-07-15 15:00,29.4,,4.9,230,75,0
159,2018-07-15 16:00,28.9,,4.5,200,76,0
159,2018-07-15 17:00,28.9,,3.9,230,75,0
159,2018-07-15 18:00,28.1,,3.9,230,78,0
159,2018-07-15 19:00,27.2,,3.9,200,79,
159,2018-07-15 20:00,26.4,,3,230,81,
159,2018-07-15 21:00,26.1,,1.1,230,80,0
159,2018-07-15 22:00,27.2,,3.4,270,76,
159,2018-07-15 23:00,27.6,,2.9,250,71,
159,2018-07-16 0:00,27.2,,2.1,230,71,0
159,2018-07-16 1:00,26.4,,2.8,250,81,
159,2018-07-16 2:00,26.4,,3,250,80,
159,2018-07-16 3:00,26.1,,3.3,270,77,0
159,2018-07-16 4:00,24.9,,1.7,270,87,0
159,2018-07-16 5:00,23.9,,2.3,270,92,0
159,2018-07-16 6:00,23.4,,1.8,250,93,0
159,2018-07-16 7:00,24.5,,1.4,230,88,0
159,2018-07-16 8:00,26.5,,1.9,230,75,0
159,2018-07-16 9:00,27.1,,2.5,250,74,0
159,2018-07-16 10:00,28.3,,2.6,230,70,0
159,2018-07-16 11:00,28.7,,4.2,200,68,0
159,2018-07-16 12:00,29.9,,3.3,200,66,0
159,2018-07-16 13:00,30,,4.4,200,66,0
159,2018-07-16 14:00,30.5,,2.6,200,66,0
159,2018-07-16 15:00,29.8,,3.8,200,69,0
159,2018-07-16 16:00,30.1,,3.6,200,68,0
159,2018-07-16 17:00,29.9,,2,180,68,0
159,2018-07-16 18:00,27.8,,2.4,230,78,0
159,2018-07-16 19:00,27.1,,2,230,81,
159,2018-07-16 20:00,26,,2.1,230,84,
159,2018-07-16 21:00,25.2,,2.1,230,84,0
159,2018-07-16 22:00,25.6,,1,180,74,
159,2018-07-16 23:00,25.7,,1.3,200,75,
159,2018-07-17 0:00,27.1,,5.1,290,58,0
159,2018-07-17 1:00,26.9,,3.1,250,65,
159,2018-07-17 2:00,25.7,,2.2,200,78,
159,2018-07-17 3:00,24.9,,1.8,200,80,0
159,2018-07-17 4:00,24.7,,1.5,200,81,0
159,2018-07-17 5:00,24.8,,1.3,230,79,0
159,2018-07-17 6:00,24.9,,1.5,250,76,0
159,2018-07-17 7:00,25.7,,1.8,270,75,0
159,2018-07-17 8:00,28.1,,2.8,230,65,0
159,2018-07-17 9:00,29.3,,3.8,200,64,0
159,2018-07-17 10:00,29.6,,3.4,200,66,0
159,2018-07-17 11:00,30.6,,3.6,200,63,0
159,2018-07-17 12:00,29.4,,4.9,200,68,0
159,2018-07-17 13:00,29.4,,5.1,200,74,0
159,2018-07-17 14:00,30.1,,4.1,200,66,0
159,2018-07-17 15:00,29.9,,4.1,200,68,0
159,2018-07-17 16:00,29.9,,4.6,180,67,0
159,2018-07-17 17:00,29.3,,4.3,180,69,0
159,2018-07-17 18:00,28.2,,3.7,180,71,0
159,2018-07-17 19:00,27.5,,3.6,230,70,
159,2018-07-17 20:00,26.7,,2.6,180,70,
159,2018-07-17 21:00,27.2,,3.1,250,69,0
159,2018-07-17 22:00,27.6,,5.5,270,64,
159,2018-07-17 23:00,27.4,,5.2,290,64,
159,2018-07-18 0:00,27,,2.3,340,69,0
159,2018-07-18 1:00,27,,3.1,320,67,
159,2018-07-18 2:00,27.1,,2,290,68,
159,2018-07-18 3:00,26,,1.6,270,77,0
159,2018-07-18 4:00,25.7,,2.4,270,80,0
159,2018-07-18 5:00,25.7,,1.9,270,79,0
159,2018-07-18 6:00,25.2,,1.6,250,84,0
159,2018-07-18 7:00,26.1,,1.6,250,81,0
159,2018-07-18 8:00,28.5,,1.9,320,70,0
159,2018-07-18 9:00,30.4,,1.8,290,64,0
159,2018-07-18 10:00,31.6,,3.5,200,63,0
159,2018-07-18 11:00,32.2,,2.8,230,63,0
159,2018-07-18 12:00,31.1,,4.2,200,64,0
159,2018-07-18 13:00,30.4,,3.9,200,65,0
159,2018-07-18 14:00,30.6,,4.8,200,63,0
159,2018-07-18 15:00,30,,5.1,200,70,0
159,2018-07-18 16:00,30.2,,4.2,200,66,0
159,2018-07-18 17:00,29.8,,3.6,200,64,0
159,2018-07-18 18:00,28.5,,3.3,230,68,0
159,2018-07-18 19:00,27.9,,2.6,200,69,
159,2018-07-18 20:00,26.9,,2.1,230,72,
159,2018-07-18 21:00,26.5,,1.5,230,69,0
159,2018-07-18 22:00,26.4,,1.6,250,69,
159,2018-07-18 23:00,27.1,,2.2,270,73,
159,2018-07-19 0:00,27,,1.6,270,75,0
159,2018-07-19 1:00,26.5,,2.1,270,78,
159,2018-07-19 2:00,26.2,,1.5,290,79,
159,2018-07-19 3:00,26.1,,1.7,230,80,0
159,2018-07-19 4:00,25.8,,1.2,290,82,0
159,2018-07-19 5:00,25.8,,0.6,250,81,0
159,2018-07-19 6:00,26.3,,0.6,90,77,0
159,2018-07-19 7:00,27.4,,2.9,360,77,0
159,2018-07-19 8:00,29.6,,0.7,200,67,0
159,2018-07-19 9:00,31.7,,1.6,110,63,0
159,2018-07-19 10:00,31.3,,2.5,200,62,0
159,2018-07-19 11:00,31.9,,2.6,180,62,0
159,2018-07-19 12:00,31.6,,3.8,200,64,0
159,2018-07-19 13:00,31.3,,2.4,180,64,0
159,2018-07-19 14:00,31.7,,4.1,200,64,0
159,2018-07-19 15:00,31.4,,4.6,200,66,0
159,2018-07-19 16:00,30.4,,5.4,200,64,0
159,2018-07-19 17:00,30.6,,3.5,200,62,0
159,2018-07-19 18:00,29.8,,2.6,200,61,0
159,2018-07-19 19:00,29.3,,1.6,200,64,
159,2018-07-19 20:00,28.5,,2.1,250,61,
159,2018-07-19 21:00,28.5,,1.9,230,61,0
159,2018-07-19 22:00,28.3,,2.3,200,58,
159,2018-07-19 23:00,27.7,,1.7,230,62,
159,2018-07-20 0:00,27.2,,1.2,200,65,0
159,2018-07-20 1:00,26.9,,0.9,250,65,
159,2018-07-20 2:00,26.6,,1,250,66,
159,2018-07-20 3:00,26.3,,1.1,270,70,0
159,2018-07-20 4:00,26.5,,0.6,160,68,0
159,2018-07-20 5:00,26.2,,0.2,0,71,0
159,2018-07-20 6:00,26.3,,0.9,50,70,0
159,2018-07-20 7:00,27.4,,0.9,140,69,0
159,2018-07-20 8:00,29.9,,1.2,110,64,0
159,2018-07-20 9:00,31.2,,1.6,110,60,0
159,2018-07-20 10:00,32.4,,2.8,200,54,0
159,2018-07-20 11:00,32.6,,2.9,200,53,0
159,2018-07-20 12:00,33.3,,3.2,200,49,0
159,2018-07-20 13:00,32.4,,2.5,200,52,0
159,2018-07-20 14:00,32.3,,2.7,230,55,0
159,2018-07-20 15:00,32.8,,2.5,200,58,0
159,2018-07-20 16:00,32.6,,1.6,110,68,0
159,2018-07-20 17:00,31.6,,1,70,72,0
159,2018-07-20 18:00,30.2,,2.2,70,72,0
159,2018-07-20 19:00,29.5,,2.5,70,74,
159,2018-07-20 20:00,28.7,,2.4,50,76,
159,2018-07-20 21:00,28.5,,1.7,70,75,0
159,2018-07-20 22:00,28.6,,1.3,70,72,
159,2018-07-20 23:00,29,,1.9,90,66,
159,2018-07-21 0:00,28.4,,1.9,90,72,0
159,2018-07-21 1:00,28.1,,1.9,110,78,
159,2018-07-21 2:00,27.7,,2.3,70,82,
159,2018-07-21 3:00,27.3,,1.9,90,86,1
159,2018-07-21 4:00,27,,1.6,90,88,1
159,2018-07-21 5:00,26.9,,1.3,70,89,0
159,2018-07-21 6:00,26.9,,1.2,70,88,0
159,2018-07-21 7:00,27.9,,0.7,90,85,1
159,2018-07-21 8:00,29.8,,1.4,180,73,0
159,2018-07-21 9:00,30.1,,3.6,200,77,0
159,2018-07-21 10:00,31,,4,200,75,0
159,2018-07-21 11:00,31.8,,4.8,200,76,1
159,2018-07-21 12:00,31.6,,4.6,200,72,0
159,2018-07-21 13:00,32.1,,4.8,200,69,0
159,2018-07-21 14:00,31.8,,3.9,200,67,0
159,2018-07-21 15:00,32.2,,4.2,200,65,0
159,2018-07-21 16:00,32.2,,3.5,200,59,0
159,2018-07-21 17:00,31.5,,2.9,200,62,0
159,2018-07-21 18:00,30,,1.7,70,71,0
159,2018-07-21 19:00,29,,1.6,50,76,
159,2018-07-21 20:00,28.3,,1.9,70,80,
159,2018-07-21 21:00,27.9,,2.3,90,84,2
159,2018-07-21 22:00,27.9,,2.3,90,82,
159,2018-07-21 23:00,27.8,,1.9,70,82,
159,2018-07-22 0:00,27.7,,1.1,50,82,7
159,2018-07-22 1:00,27.6,,1.6,90,84,
159,2018-07-22 2:00,27.6,,1.5,90,84,
159,2018-07-22 3:00,27.4,,1.7,110,85,8
159,2018-07-22 4:00,27.2,,0.8,90,84,1
159,2018-07-22 5:00,27.2,,1.3,90,84,4
159,2018-07-22 6:00,26.9,,1.7,50,88,5
159,2018-07-22 7:00,27.9,,0.7,70,81,5
159,2018-07-22 8:00,30.1,,0.8,180,72,5
159,2018-07-22 9:00,30.1,,2.1,180,70,5
159,2018-07-22 10:00,30.5,,1.1,160,70,8
159,2018-07-22 11:00,30.7,,2.4,180,67,9
159,2018-07-22 12:00,32.4,,3.6,180,62,7
159,2018-07-22 13:00,32.1,,4.2,200,57,8
159,2018-07-22 14:00,31.5,,3.3,250,58,5
159,2018-07-22 15:00,31.5,,4.9,250,56,6
159,2018-07-22 16:00,32.8,,5.3,230,50,4
159,2018-07-22 17:00,32.8,,5.2,230,52,3
159,2018-07-22 18:00,31,,7.3,230,58,3
159,2018-07-22 19:00,30.2,,2.7,270,63,
159,2018-07-22 20:00,29.7,,3.8,270,65,
159,2018-07-22 21:00,29.4,,3.6,270,65,3
159,2018-07-22 22:00,29.3,,3.6,250,66,
159,2018-07-22 23:00,29,,4,270,67,
159,2018-07-23 0:00,28.6,,3.5,270,70,7
159,2018-07-23 1:00,28.3,,3.2,270,73,
159,2018-07-23 2:00,28,,3.1,270,73,
159,2018-07-23 3:00,27.8,,3.4,290,73,5
159,2018-07-23 4:00,27.6,,2.5,270,76,7
159,2018-07-23 5:00,27.6,,3,250,78,7
159,2018-07-23 6:00,27.5,,2.9,270,77,9
159,2018-07-23 7:00,28.6,,3.2,270,70,8
159,2018-07-23 8:00,29.2,,2.5,290,70,3
159,2018-07-23 9:00,30.3,,5.2,270,62,3
159,2018-07-23 10:00,32,,3,270,56,3
159,2018-07-23 11:00,32.3,,4.7,180,62,4
159,2018-07-23 12:00,32.1,,5.9,200,60,4
159,2018-07-23 13:00,31.5,,6.3,200,67,2
159,2018-07-23 14:00,31.2,,7.2,200,68,2
159,2018-07-23 15:00,31.5,,6.3,200,67,2
159,2018-07-23 16:00,31.2,,5.3,200,66,1
159,2018-07-23 17:00,30.7,,5.3,200,62,1
159,2018-07-23 18:00,30,,3.9,180,67,2
159,2018-07-23 19:00,29.1,,3.6,180,70,
159,2018-07-23 20:00,28.5,,3.2,200,74,
159,2018-07-23 21:00,28.5,,2.8,230,74,5
159,2018-07-23 22:00,28.6,,4.5,270,72,
159,2018-07-23 23:00,28.3,,2.6,250,76,
159,2018-07-24 0:00,28.1,,3.7,270,78,3
159,2018-07-24 1:00,27.8,,3.8,270,82,
159,2018-07-24 2:00,27.5,,4,270,82,
159,2018-07-24 3:00,27.3,,4.2,270,84,1
159,2018-07-24 4:00,27,,3.4,270,87,0
159,2018-07-24 5:00,26.8,,3.5,270,89,0
159,2018-07-24 6:00,26.7,,3.7,270,87,3
159,2018-07-24 7:00,27.5,,3.6,270,84,2
159,2018-07-24 8:00,29.7,,2.3,250,70,1
159,2018-07-24 9:00,31,,3.1,250,64,1
159,2018-07-24 10:00,31.4,,4.8,250,61,1
159,2018-07-24 11:00,32.5,,4.1,230,57,1
159,2018-07-24 12:00,31.4,,6.5,200,68,1
159,2018-07-24 13:00,31.4,,6.7,200,68,1
159,2018-07-24 14:00,31.8,,5.8,200,64,1
159,2018-07-24 15:00,31.6,,6.4,200,64,1
159,2018-07-24 16:00,31,,5.7,200,68,0
159,2018-07-24 17:00,31.2,,4.7,180,67,0
159,2018-07-24 18:00,29.8,,4.7,200,71,0
159,2018-07-24 19:00,28.9,,4.9,200,74,
159,2018-07-24 20:00,28.8,,3.8,200,75,
159,2018-07-24 21:00,28.7,,3.7,230,77,0
159,2018-07-24 22:00,28.6,,3.2,270,78,
159,2018-07-24 23:00,28.1,,5.4,270,78,
159,2018-07-25 0:00,27.7,,4.6,270,83,0
159,2018-07-25 1:00,27.4,,4.7,270,86,
159,2018-07-25 2:00,27.2,,2.7,250,87,
159,2018-07-25 3:00,27,,2.2,290,88,0
159,2018-07-25 4:00,26.8,,4.3,290,88,0
159,2018-07-25 5:00,26.6,,4.6,290,88,0
159,2018-07-25 6:00,26.5,,3.2,270,89,0
159,2018-07-25 7:00,27.3,,2,230,85,0
159,2018-07-25 8:00,29.5,,2.6,270,73,2
159,2018-07-25 9:00,29.9,,4.2,250,68,1
159,2018-07-25 10:00,31.7,,4,180,68,1
159,2018-07-25 11:00,32.6,,3.8,180,67,1
159,2018-07-25 12:00,32.3,,3.3,180,67,1
159,2018-07-25 13:00,31.8,,5.2,200,69,2
159,2018-07-25 14:00,32.1,,4.5,200,66,1
159,2018-07-25 15:00,32.4,,5.1,200,66,1
159,2018-07-25 16:00,32.5,,5.6,200,63,1
159,2018-07-25 17:00,31.7,,4.7,180,68,1
159,2018-07-25 18:00,30.5,,3.3,200,70,1
159,2018-07-25 19:00,30.1,,3.3,200,72,
159,2018-07-25 20:00,29.8,,2.8,250,73,
159,2018-07-25 21:00,29.7,,3.2,270,69,0
159,2018-07-25 22:00,29.1,,2.9,270,72,
159,2018-07-25 23:00,28.8,,4.2,250,75,
159,2018-07-26 0:00,28.8,,2.5,250,76,0
159,2018-07-26 1:00,28.6,,1.7,270,76,
159,2018-07-26 2:00,28.8,,3,320,74,
159,2018-07-26 3:00,29,,4.1,290,75,0
159,2018-07-26 4:00,29,,3.8,320,75,0
159,2018-07-26 5:00,28.7,,4.1,340,76,0
159,2018-07-26 6:00,27.8,,1.5,270,85,0
159,2018-07-26 7:00,28.3,,1.1,250,83,0
159,2018-07-26 8:00,30.1,,1.1,180,70,0
159,2018-07-26 9:00,31.4,,1.8,200,66,0
159,2018-07-26 10:00,33.2,,3,200,65,0
159,2018-07-26 11:00,33.8,,3.2,200,63,1
159,2018-07-26 12:00,33.5,,4.5,200,64,1
159,2018-07-26 13:00,33.3,,3.7,200,62,2
159,2018-07-26 14:00,33.4,,3.7,200,65,1
159,2018-07-26 15:00,32.9,,3.9,200,69,3
159,2018-07-26 16:00,32.6,,3.5,200,64,1
159,2018-07-26 17:00,32.3,,2.9,200,66,1
159,2018-07-26 18:00,31,,2.2,200,71,0
159,2018-07-26 19:00,29.9,,2.8,200,76,
159,2018-07-26 20:00,29.3,,3.1,200,82,
159,2018-07-26 21:00,29,,1.5,200,83,5
159,2018-07-26 22:00,29.1,,0.8,230,80,
159,2018-07-26 23:00,28.9,,1.3,230,80,
159,2018-07-27 0:00,28.5,,1.1,250,83,1
159,2018-07-27 1:00,28.2,,0.8,250,85,
159,2018-07-27 2:00,28,,0.5,110,84,
159,2018-07-27 3:00,28,,0.8,90,83,8
159,2018-07-27 4:00,27.8,,1.1,50,87,2
159,2018-07-27 5:00,27.6,,1.5,50,91,7
159,2018-07-27 6:00,27.5,,1.4,70,91,2
159,2018-07-27 7:00,28.4,,0.9,90,88,2
159,2018-07-27 8:00,30.4,,2.1,110,80,0
159,2018-07-27 9:00,31.5,,1.9,180,73,0
159,2018-07-27 10:00,32.4,,2.8,140,72,0
159,2018-07-27 11:00,32.8,,3.6,200,73,3
159,2018-07-27 12:00,33,,3.3,200,69,5
159,2018-07-27 13:00,32.1,,3.9,200,72,6
159,2018-07-27 14:00,32.9,,3.3,140,67,3
159,2018-07-27 15:00,32.1,,2.5,110,69,6
159,2018-07-27 16:00,31.4,,2.5,140,74,6
159,2018-07-27 17:00,30.1,,2.8,110,79,6
159,2018-07-27 18:00,29.5,,2.9,110,82,6
159,2018-07-27 19:00,29.1,,1.5,110,83,
159,2018-07-27 20:00,28.7,,2.2,90,85,
159,2018-07-27 21:00,28.6,,2.3,90,85,9
159,2018-07-27 22:00,28.5,,2,90,84,
159,2018-07-27 23:00,28.3,,1.7,90,84,
159,2018-07-28 0:00,28,,1.5,90,84,9
159,2018-07-28 1:00,27.8,,2.1,70,84,
159,2018-07-28 2:00,27.5,,1.9,70,86,
159,2018-07-28 3:00,27.2,,1.3,140,87,7
159,2018-07-28 4:00,27,,1.4,70,86,9
159,2018-07-28 5:00,27.1,,1.9,70,84,9
159,2018-07-28 6:00,27,,1.7,70,83,6
159,2018-07-28 7:00,27.5,,2.4,70,76,7
159,2018-07-28 8:00,29.6,,1.8,70,66,3
159,2018-07-28 9:00,31,,1.7,50,60,1
159,2018-07-28 10:00,31.3,,3.6,110,67,1
159,2018-07-28 11:00,31.7,,3.1,90,66,0
159,2018-07-28 12:00,32.3,,3.1,110,60,0
159,2018-07-28 13:00,31.7,,2.6,110,62,8
159,2018-07-28 14:00,31,,2.8,90,65,8
159,2018-07-28 15:00,32.2,,2.4,90,59,1
159,2018-07-28 16:00,31.3,,2.7,90,63,4
159,2018-07-28 17:00,30.2,,2.9,70,69,0
159,2018-07-28 18:00,29.2,,2.6,70,67,1
159,2018-07-28 19:00,28.6,,3.4,50,70,
159,2018-07-28 20:00,28.3,,2.4,70,70,
159,2018-07-28 21:00,27.8,,2.8,50,68,1
159,2018-07-28 22:00,27.5,,2.7,20,72,
159,2018-07-28 23:00,27.2,,3.1,20,71,
159,2018-07-29 0:00,27.3,,2.6,20,68,0
159,2018-07-29 1:00,27,,3.6,50,70,
159,2018-07-29 2:00,26.8,,1.5,20,67,
159,2018-07-29 3:00,26.7,,2,20,69,6
159,2018-07-29 4:00,26.7,,1.3,360,71,4
159,2018-07-29 5:00,26.7,,2.6,50,69,4
159,2018-07-29 6:00,26.7,,1.6,20,70,7
159,2018-07-29 7:00,27.6,,2.2,50,70,4
159,2018-07-29 8:00,29.6,,3.2,50,65,7
159,2018-07-29 9:00,30.4,,5.2,50,63,3
159,2018-07-29 10:00,31.8,,4.6,50,56,3
159,2018-07-29 11:00,33.2,,4.3,20,52,3
159,2018-07-29 12:00,33.7,,4.2,20,46,6
159,2018-07-29 13:00,34.9,,3.1,50,42,6
159,2018-07-29 14:00,34.3,,4.4,50,43,9
159,2018-07-29 15:00,34.2,,5,50,46,8
159,2018-07-29 16:00,33.8,,5.1,50,48,7
159,2018-07-29 17:00,32.5,,4.3,50,53,8
159,2018-07-29 18:00,30.5,,4.6,50,57,9
159,2018-07-29 19:00,29.1,,6.7,50,64,
159,2018-07-29 20:00,28,0,4.2,20,71,9
159,2018-07-29 21:00,26.9,0,3.6,50,79,10
159,2018-07-29 22:00,26.5,0,3.1,50,80,10
159,2018-07-29 23:00,26.2,0,3.3,50,86,10
159,2018-07-30 0:00,25.5,1,2.6,50,93,10
159,2018-07-30 1:00,25.7,0,2.9,20,92,8
159,2018-07-30 2:00,25.8,,2,50,91,
159,2018-07-30 3:00,26,0,2.4,50,89,10
159,2018-07-30 4:00,26,0.1,2.1,50,90,10
159,2018-07-30 5:00,26.3,0,2.6,50,86,9
159,2018-07-30 6:00,26.4,,1.8,50,84,9
159,2018-07-30 7:00,27.5,,2.1,50,81,3
159,2018-07-30 8:00,28.8,,2.4,50,74,5
159,2018-07-30 9:00,28.4,,2.5,50,74,3
159,2018-07-30 10:00,31.2,,3,50,62,1
159,2018-07-30 11:00,32.1,,3.8,50,58,2
159,2018-07-30 12:00,32.7,,2.4,50,59,4
159,2018-07-30 13:00,32.6,,3.2,90,59,2
159,2018-07-30 14:00,32,,3.9,90,62,2
159,2018-07-30 15:00,32.2,,4.1,90,62,2
159,2018-07-30 16:00,31.6,,4.1,90,61,1
159,2018-07-30 17:00,31.3,,2.8,70,54,2
159,2018-07-30 18:00,30.5,,3.3,70,57,1
159,2018-07-30 19:00,29.2,,3.7,50,63,
159,2018-07-30 20:00,28.5,,3.9,50,62,
159,2018-07-30 21:00,28,,3.3,50,66,0
159,2018-07-30 22:00,27.6,,3.7,50,66,
159,2018-07-30 23:00,27.2,,1.9,50,69,
159,2018-07-31 0:00,27,,2.1,20,69,2
159,2018-07-31 1:00,26.8,,3.6,50,69,
159,2018-07-31 2:00,27,,3.7,50,66,
159,2018-07-31 3:00,27,,3.2,50,69,0
159,2018-07-31 4:00,26.8,,3.6,50,72,0
159,2018-07-31 5:00,26.4,,3.4,50,75,0
159,2018-07-31 6:00,26.7,,2.9,50,75,2
159,2018-07-31 7:00,27.2,,2.4,50,76,2
159,2018-07-31 8:00,29.2,,3.4,50,68,4
159,2018-07-31 9:00,30.6,,2.9,50,62,4
159,2018-07-31 10:00,32.4,,2.6,50,58,5
159,2018-07-31 11:00,33.2,,2.2,90,55,4
159,2018-07-31 12:00,32.9,,3.9,90,56,3
159,2018-07-31 13:00,33,,4.6,110,53,3
159,2018-07-31 14:00,33.4,,3.6,110,51,1
159,2018-07-31 15:00,33.4,,3.4,90,51,0
159,2018-07-31 16:00,32.8,,3.5,110,54,0
159,2018-07-31 17:00,32.4,,3,90,52,0
159,2018-07-31 18:00,31.2,,2.7,90,55,0
159,2018-07-31 19:00,30.2,,3.6,70,56,
159,2018-07-31 20:00,29.1,,2.4,70,67,
159,2018-07-31 21:00,28.8,,3.7,70,60,0
159,2018-07-31 22:00,28.6,,3.4,50,60,
159,2018-07-31 23:00,28.4,,2.9,50,62,
159,2018-08-01 0:00,27.8,,2.9,50,70,0
