지점,일시,평균기온(°C),최저기온(°C),최저기온 시각(hhmi),최고기온(°C),최고기온 시각(hhmi),강수 계속시간(hr),10분 최다 강수량(mm),10분 최다강수량 시각(hhmi),1시간 최다강수량(mm),1시간 최다 강수량 시각(hhmi),일강수량(mm),최대 순간 풍속(m/s),최대 순간 풍속 풍향(16방위),최대 순간풍속 시각(hhmi),최대 풍속(m/s),최대 풍속 풍향(16방위),최대 풍속 시각(hhmi),평균 풍속(m/s),풍정합(100m),평균 이슬점온도(°C),최소 상대습도(%),최소 상대습도 시각(hhmi),평균 상대습도(%),평균 증기압(hPa),평균 현지기압(hPa),최고 해면기압(hPa),최고 해면기압 시각(hhmi),최저 해면기압(hPa),최저 해면기압 시각(hhmi),평균 해면기압(hPa),가조시간(hr),합계 일조 시간(hr),1시간 최다일사 시각(hhmi),1시간 최다일사량(MJ/m2),합계 일사(MJ/m2),일 최심신적설(cm),일 최심신적설 시각(hhmi),일 최심적설(cm),일 최심적설 시각(hhmi),합계 3시간 신적설(cm),평균 전운량(1/10),평균 중하층운량(1/10),평균 지면온도(°C),최저 초상온도(°C),평균 5cm 지중온도(°C),평균 10cm 지중온도(°C),평균 20cm 지중온도(°C),평균 30cm 지중온도(°C),0.5m 지중온도(°C),1.0m 지중온도(°C),1.5m 지중온도(°C),3.0m 지중온도(°C),5.0m 지중온도(°C),합계 대형증발량(mm),합계 소형증발량(mm),9-9강수(mm),안개 계속시간(hr)
137,2018-01-01,.5,-3.9,643,4.9,1313,,,,,,,10.4,340,1404,5.3,320,1400,2.4,2077,-13.8,17,1143,34.6,2.2,1015.2,1029,2340,1025.2,1,1027.4,9.7,8.2,,,,,,,,,,,-1.2,-8,,,,,,,,,,,,,
137,2018-01-02,.8,-5.1,404,5,1256,,,,,,,11.1,290,1545,6.1,270,1545,2.8,2455,-8.4,29,2039,51.5,3.4,1015.9,1029.5,218,1026.2,1510,1028.1,9.7,4.4,,,,,,,,,,,-.6,-9.6,,,,,,,,,,,,,
137,2018-01-03,-1.7,-4.7,804,2.6,1352,,,,,,,8.4,250,232,4.6,270,232,3.1,2696,-14.6,23,1353,37.9,2,1017.3,1031.7,955,1027.9,1526,1029.6,9.8,8.2,,,,,,,,,,,-1.9,-6.9,,,,,,,,,,,,,
137,2018-01-04,-1.5,-5.4,736,2.4,1358,,,,,,,7.5,290,49,5.1,270,20,1.6,1422,-12.5,27,1351,44.5,2.4,1014.3,1030.2,247,1022.7,2334,1026.5,9.8,7,,,,,,,,,,,-.9,-8.1,,,,,,,,,,,,,
137,2018-01-05,0,-2.8,525,4.2,1437,,,,,,,10.4,270,1654,5.6,270,2002,2.6,2241,-11.4,26,1308,43.1,2.6,1007.9,1023,10,1017.5,1433,1020.1,9.8,7.4,,,,,,,,,,,-.1,-4.8,,,,,,,,,,,,,
137,2018-01-06,0,-4,2348,5.5,1353,,,,,,,9.7,270,644,5.6,270,648,2.7,2355,-11.2,26,1354,44.1,2.6,1010.7,1025.2,2350,1020.2,1,1022.9,9.8,8.3,,,,,,,,,,,-1,-9.5,,,,,,,,,,,,,
137,2018-01-07,-2.3,-8.6,802,1.7,1449,,,,,,,4.3,20,1230,2.6,20,1236,.9,778,-11,36,1536,52.9,2.6,1010.4,1026.3,1040,1018.9,2358,1022.6,9.8,1.5,,,,,,,,,,,-1.4,-13.2,,,,,,,,,,,,,
137,2018-01-08,1,-1.9,856,4.3,1418,,,,,,2.6,9.9,270,2328,4.6,230,1712,1.6,1416,-4.2,44,24,69.1,4.6,999.1,1018.8,1,1007.8,1651,1011.1,9.8,.5,,,,,,,,,,,.8,-1.8,,,,,,,,,,,,,
137,2018-01-09,-1.8,-3.3,2346,1.8,1,,,,,,.3,13.7,270,123,7.6,270,141,3.5,3035,-7.5,47,1407,65.6,3.5,1000.8,1015.3,1923,1007.9,1,1012.9,9.8,6.3,,,,,,,,,,,.1,-5.9,,,,,,,,,,,,,
137,2018-01-10,-4.7,-8.6,2337,-.9,206,,,,,,3.3,12.1,290,1334,7.2,270,1328,2.9,2493,-12.8,34,1217,54.5,2.4,1005.6,1023.1,2310,1012.8,155,1017.9,9.9,6,,,,,,,,,,,0,-8.3,,,,,,,,,,,,,
137,2018-01-11,-8.8,-11.9,801,-5,1337,,,,,,,10.6,290,1402,5.8,250,1428,2.9,2493,-17.2,38,1300,51.1,1.6,1013.6,1029.4,2313,1023.1,1,1026.2,9.9,8.3,,,,,,,,,,,-1,-11.2,,,,,,,,,,,,,
137,2018-01-12,-9,-12.9,736,-5.8,1523,,,,,,,9.8,270,1431,5.4,270,1407,3.6,3102,-18.8,30,1546,46.3,1.4,1018.6,1033.1,954,1029.1,4,1031.3,9.9,8.3,,,,,,,,,,,-1.9,-13.3,,,,,,,,,,,,,
137,2018-01-13,-2.8,-7.1,126,2.3,1521,,,,,,.6,8,290,1322,4.9,270,1334,1.9,1610,-7.6,50,1,70.3,3.5,1019.8,1034.2,2254,1031,528,1032.2,9.9,3.2,,,,,,,,,,,-.6,-10.7,,,,,,,,,,,,,
137,2018-01-14,-3.5,-9.8,800,3.5,1515,,,,,,,3.1,360,1248,2,180,1817,.7,636,-7.4,51,1558,75.3,3.6,1018.2,1034.8,803,1026.3,2312,1030.6,9.9,6.6,,,,,,,,,,,-1.1,-13.3,,,,,,,,,,,,,
137,2018-01-15,2.6,-3.2,330,10.6,1434,,,,,,,10.7,230,1402,5.3,250,1410,1.5,1286,-3.4,34,1608,66.5,4.8,1011.8,1026.4,1,1021.9,1530,1023.9,10,6.3,,,,,,,,,,,1.1,-5.9,,,,,,,,,,,,,
137,2018-01-16,2.4,-2.3,444,9.1,1612,,,,,,4.1,7.8,360,1648,5,340,1651,.9,767,-1,40,1612,79.4,5.7,1006.6,1022.4,1,1015.7,1354,1018.7,10,1.1,,,,,,,,,,,1.5,-6.7,,,,,,,,,,,,,
137,2018-01-17,3.9,1,737,7.4,1423,,,,,,12.3,7.9,270,1528,3.9,270,1514,1.3,1147,2,77,1425,87.9,7.1,1006.1,1021.2,2324,1015.7,312,1018,10,.9,,,,,,,,,,,3.5,.4,,,,,,,,,,,,,
137,2018-01-18,4.6,.5,2359,7.9,1423,,,,,,,7.9,270,1548,4.4,270,1321,2.2,1873,-2.6,40,1303,60.8,5.1,1010.6,1025.1,2345,1020.3,502,1022.5,10,2.8,,,,,,,,,,,3.6,-4.1,,,,,,,,,,,,,
137,2018-01-19,1.8,-2.2,532,6.1,1453,,,,,,,7.5,250,848,4.1,250,1359,2.1,1786,-11,23,1612,39.8,2.7,1011.6,1026,753,1020.9,1525,1023.7,10,8.1,,,,,,,,,,,1.9,-6,,,,,,,,,,,,,
137,2018-01-20,1.5,-4.6,615,6.7,1524,,,,,,,7.3,250,1330,3.9,250,1320,1.3,1117,-6.5,38,1,56.4,3.8,1011,1025.1,925,1021,1626,1023.1,10.1,5.9,,,,,,,,,,,.4,-7.2,,,,,,,,,,,,,
137,2018-01-21,1.8,-3.2,813,8.2,1525,,,,,,,5,270,1542,3,230,1557,1,826,-6.9,20,1322,57.1,3.7,1010.9,1025.8,922,1020.7,2159,1023,10.1,7.5,,,,,,,,,,,1.3,-8.5,,,,,,,,,,,,,
137,2018-01-22,3,-.3,731,8.9,1535,,,,,,.8,10.9,270,2355,5.9,270,2159,1.6,1364,-5.1,31,1521,57,4.3,1003.7,1020.9,1,1011.4,1631,1015.7,10.1,1.3,,,,,,,,,,,3.3,-2.7,,,,,,,,,,,,,
137,2018-01-23,-7,-10.7,2302,.9,1,,,,,,,14.6,290,1532,8.4,270,1610,5.1,4427,-19,23,1310,38.6,1.5,1009.6,1025.3,2325,1014.7,1,1022.1,10.1,8.6,,,,,,,,,,,-2.4,-12.4,,,,,,,,,,,,,
137,2018-01-24,-11,-13.9,538,-7.3,1516,,,,,,,12.3,270,1409,7.5,270,1413,4,3426,-26.4,21,1239,27.3,.7,1014.9,1029.2,838,1025,1,1027.7,10.2,8.7,,,,,,,,,,,-6.3,-16.4,,,,,,,,,,,,,
137,2018-01-25,-11,-14.9,733,-5.8,1444,,,,,,,10.1,230,1509,6,270,1822,3.6,3120,-23.7,21,1552,34.9,.9,1015.5,1031.2,753,1026.2,1609,1028.3,10.2,8.3,,,,,,,,,,,-6.3,-16.3,,,,,,,,,,,,,
137,2018-01-26,-11.5,-14.8,656,-6,1458,,,,,,,11.4,290,1337,5.9,250,1400,3.8,3255,-23.1,24,1522,37.9,1,1015.2,1030.4,2335,1025.8,1426,1028,10.2,8.6,,,,,,,,,,,-8.1,-16.3,,,,,,,,,,,,,
137,2018-01-27,-6.6,-14,826,1.3,1517,,,,,,,8.4,200,139,4.3,250,1944,2,1763,-21.6,17,1521,30.8,1.1,1015,1031.3,519,1024.1,2352,1027.6,10.3,8.7,,,,,,,,,,,-3.8,-17.4,,,,,,,,,,,,,
137,2018-01-28,-3.3,-6.2,2357,1.6,1343,,,,,,,12.4,270,2004,6.7,270,2004,3.6,3091,-18.5,19,1234,30.5,1.5,1009.1,1024.2,1,1018.3,1506,1021.4,10.3,7.9,,,,,,,,,,,-.8,-8.9,,,,,,,,,,,,,
137,2018-01-29,-6.2,-8.4,632,-2.8,1534,,,,,,,12.6,270,1248,7.9,290,1352,3.2,2742,-19.1,21,1516,36.8,1.4,1010.5,1025.3,2316,1020.8,1428,1023,10.3,8.7,,,,,,,,,,,-3.5,-12.5,,,,,,,,,,,,,
137,2018-01-30,-4,-10.2,723,1.6,1427,,,,,,,10.6,290,1530,5.5,270,1540,2.6,2227,-14.7,26,1330,44.9,2,1013.8,1027.6,847,1024.2,1415,1026.2,10.3,8.5,,,,,,,,,,,-2.4,-13.1,,,,,,,,,,,,,
137,2018-01-31,.3,-3.4,551,5.2,1400,,,,,,,8,270,1328,4.7,270,1329,2,1699,-11.6,22,1454,43.5,2.6,1014.9,1028.6,933,1025,1603,1027.1,10.4,5.8,,,,,,,,,,,1,-9.3,,,,,,,,,,,,,
137,2018-02-01,-1.5,-7.5,733,5,1400,,,,,,,6.1,270,1557,3.8,270,1700,1.4,1226,-16.3,14,1458,35.9,1.8,1016,1030.2,2322,1025.7,1435,1028.3,10.4,8.7,,,,,,,,,,,.4,-14.5,,,,,,,,,,,,,
137,2018-02-02,-1.3,-8.2,612,5,1520,,,,,,,7.4,270,2111,4.5,270,2118,2,1753,-16.3,17,1615,31.9,1.7,1015.4,1030.8,912,1025.1,1610,1027.7,10.4,8.7,,,,,,,,,,,.3,-13.5,,,,,,,,,,,,,
137,2018-02-03,-4.5,-8,2358,-1.3,113,,,,,,,11.8,270,1927,6.5,290,1823,3.7,3208,-16.5,21,1504,40.3,1.7,1014.3,1028.1,930,1025.2,1518,1026.7,10.5,8.7,,,,,,,,,,,-1.5,-9.1,,,,,,,,,,,,,
137,2018-02-04,-7.7,-10.8,449,-3.6,1550,,,,,,,11,290,1711,5.6,270,1501,3.5,3067,-20.8,23,1620,34.9,1.2,1014.6,1028.3,845,1025.6,1452,1027.2,10.5,8.8,,,,,,,,,,,-4.2,-14.6,,,,,,,,,,,,,
137,2018-02-05,-7.8,-10.9,726,-3.1,1354,,,,,,,13.5,290,1513,7.7,290,1549,3.5,3015,-21.6,17,1520,33.3,1.1,1012.8,1027.8,54,1022.8,1450,1025.4,10.5,8.7,,,,,,,,,,,-4.7,-17.9,,,,,,,,,,,,,
137,2018-02-06,-8.3,-11.6,447,-4,1432,,,,,,,11.4,270,1527,6.5,270,1504,2.8,2397,-20.5,19,1649,39.1,1.3,1012.2,1026.1,2353,1022.9,1527,1024.8,10.6,8.8,,,,,,,,,,,-5.1,-15.8,,,,,,,,,,,,,
137,2018-02-07,-7.2,-13.2,709,-.7,1502,,,,,,,8.4,250,1655,4.5,250,1345,2.3,1949,-21.3,14,1607,33.5,1.1,1013.6,1027.7,835,1024.4,1519,1026.2,10.6,8.9,,,,,,,,,,,-4,-16,,,,,,,,,,,,,
137,2018-02-08,-4.6,-12.5,752,5.2,1501,,,,,,,5.8,270,1559,3.2,290,1600,1.1,934,-17.2,15,1547,40.8,1.6,1012.6,1027.1,848,1022.7,1517,1025.1,10.6,8.9,,,,,,,,,,,-2,-17.7,,,,,,,,,,,,,
137,2018-02-09,1.3,-8.5,214,9.7,1542,,,,,,,8.2,270,1735,4.5,270,1735,1.3,1128,-10.6,20,1244,42.9,2.9,1010.6,1025.7,843,1019.4,1543,1022.7,10.7,7.5,,,,,,,,,,,3.5,-15.1,,,,,,,,,,,,,
137,2018-02-10,2,-4.5,2343,7.6,1509,,,,,,,12.6,290,2304,7.8,270,2300,3.2,2722,-12,12,1737,39.8,2.9,1008.5,1024.1,2351,1016.6,1508,1020.5,10.7,1.9,,,,,,,,,,,3.9,-7.9,,,,,,,,,,,,,
137,2018-02-11,-4.1,-7.2,717,-.9,1415,,,,,,.6,11.3,270,1208,7,290,1336,3.3,2870,-13.2,23,1332,51,2.3,1009.5,1024.4,210,1018.4,1735,1021.8,10.7,5.7,,,,,,,,,,,-1.3,-9.9,,,,,,,,,,,,,
137,2018-02-12,-5,-9.1,615,-.9,1317,,,,,,.7,12.3,270,1601,6.5,270,1609,2.9,2548,-13.2,35,427,53.1,2.3,1009.4,1023.5,828,1019.3,1603,1021.8,10.8,7,,,,,,,,,,,-.9,-9.8,,,,,,,,,,,,,
137,2018-02-13,-1.1,-5.4,712,4.7,1429,,,,,,.2,10.5,250,1505,5.7,250,1505,2.5,2141,-11.5,24,1349,48,2.6,1010.7,1025.3,952,1021.3,37,1022.9,10.8,9,,,,,,,,,,,.6,-10.9,,,,,,,,,,,,,
137,2018-02-14,2.4,-8,659,12.7,1328,,,,,,,13.6,270,1311,7.5,270,1428,2,1750,-5.2,32,1304,59.1,4.4,1005.9,1022.6,1,1013.5,1351,1017.9,10.8,6.7,,,,,,,,,,,1.9,-11.9,,,,,,,,,,,,,
137,2018-02-15,2.8,-.9,753,8.5,1409,,,,,,,8.4,270,119,4.7,270,1948,2.6,2247,-14.7,14,1616,28.5,2,1008.5,1022.4,814,1018.7,4,1020.6,10.9,8.7,,,,,,,,,,,3,-5,,,,,,,,,,,,,
137,2018-02-16,2,-3.2,448,8.2,1520,,,,,,,10.7,290,2149,5.9,270,2151,2.6,2239,-17.4,10,1204,25.1,1.7,1005.8,1020.8,102,1014.5,1609,1017.8,10.9,8.9,,,,,,,,,,,2,-6.7,,,,,,,,,,,,,
137,2018-02-17,-.3,-3.9,723,5.2,1457,,,,,,,12.1,250,815,6.4,270,254,3.9,3339,-19.9,10,1309,22.9,1.3,1011.4,1027,2353,1017.9,9,1023.6,10.9,8.9,,,,,,,,,,,2.2,-6.9,,,,,,,,,,,,,
137,2018-02-18,1.5,-2.9,339,6.5,1509,,,,,,,6.5,270,754,4.3,270,502,1.9,1614,-17.2,15,1255,24.1,1.6,1013.4,1027.9,818,1023.2,1606,1025.6,11,3.6,,,,,,,,,,,1.6,-6.9,,,,,,,,,,,,,
137,2018-02-19,3.8,-2.4,740,10.8,1425,,,,,,,7.5,320,1604,4.1,320,1559,1.3,1093,-13.2,15,1518,28.8,2.3,1011.2,1025.8,743,1020,1532,1023.2,11,7.1,,,,,,,,,,,3.3,-8.5,,,,,,,,,,,,,
137,2018-02-20,3.6,-2.9,333,10,1300,,,,,,,7.8,250,950,4.7,270,1002,2.1,1812,-11.3,19,1451,35,2.6,1010.3,1024.9,831,1019.5,1451,1022.3,11.1,6.9,,,,,,,,,,,3.4,-8.6,,,,,,,,,,,,,
137,2018-02-21,1.1,-2.3,738,7,1419,,,,,,,7.8,250,1434,4.3,270,1505,2.4,2075,-18.6,11,1455,22.8,1.4,1010.9,1024.8,953,1020.7,1510,1023.1,11.1,6.2,,,,,,,,,,,2.2,-8.1,,,,,,,,,,,,,
137,2018-02-22,1,-6.8,742,8.6,1510,,,,,,,8.1,230,1430,4.8,270,1544,1.8,1564,-13.5,19,1511,34.3,2.2,1010.6,1025.8,815,1019.8,1644,1022.7,11.1,8.9,,,,,,,,,,,2.6,-12,,,,,,,,,,,,,
137,2018-02-23,4.5,-3.1,201,10.4,1436,,,,,,2,7.6,270,1709,3.8,270,1300,1.6,1367,-3.4,34,150,60.3,4.9,1010.2,1023.7,951,1020.6,1548,1022.1,11.2,3,,,,,,,,,,,1.7,-10.5,,,,,,,,,,,,,
137,2018-02-24,6.8,2.2,2355,12.7,1438,,,,,,,8.1,250,423,4.4,360,2147,2.3,1966,-5.2,16,1721,46.4,4.4,1014.6,1028.4,1001,1023.5,1,1026.5,11.2,5.8,,,,,,,,,,,4.9,-2.9,,,,,,,,,,,,,
137,2018-02-25,5.4,1.8,300,12.4,1413,,,,,,,9.6,250,1454,4.7,250,1434,1.7,1445,-7.2,16,1619,44.9,3.8,1012.5,1028.1,6,1021.1,1454,1024.4,11.2,5.6,,,,,,,,,,,4.7,-4.8,,,,,,,,,,,,,
137,2018-02-26,4.9,-1.8,708,13.9,1553,,,,,,,7,270,37,4,250,158,1.7,1436,-15.9,10,1516,22.8,1.9,1012.4,1027.1,912,1022,1551,1024.3,11.3,9.9,,,,,,,,,,,5.4,-9.2,,,,,,,,,,,,,
137,2018-02-27,5.6,-4,721,15.3,1402,,,,,,,9.2,270,1422,4.9,250,1417,1.4,1195,-10.6,14,1236,35.4,2.8,1011.3,1025.6,850,1021.2,1602,1023.2,11.3,6.9,,,,,,,,,,,5.3,-9.4,,,,,,,,,,,,,
137,2018-02-28,4.8,2.1,307,7.6,1145,,,,,,33.4,9,70,1653,4.8,90,1504,2.3,1961,.1,38,1,74.1,6.5,997.9,1022.5,213,996.9,2039,1009.7,11.4,0,,,,,,,,,,,4.1,-1,,,,,,,,,,,,,
137,2018-03-01,2.7,-2.2,2350,5.9,928,,,,,,1.6,21.3,270,1213,10.7,290,1245,5.6,4811,-7,24,1515,52.9,4.1,998,1018.2,2341,998.8,53,1009.9,11.4,8.6,,,,,,,,,,,4.8,-4,,,,,,,,,,,,,
137,2018-03-02,2,-4.9,630,10.1,1522,,,,,,,7.8,250,109,4.1,230,19,2.1,1810,-13.5,13,1447,34.5,2.2,1005.5,1021.2,832,1014.6,1739,1017.6,11.4,10,,,,,,,,,,,3.9,-7.5,,,,,,,,,,,,,
137,2018-03-03,6,-3,709,15.6,1624,,,,,,,4,250,118,2.7,250,127,1.2,1005,-5.8,24,1434,45.3,4.1,1003.1,1018.1,814,1011.3,1745,1014.9,11.5,9.7,,,,,,,,,,,6.1,-6.9,,,,,,,,,,,,,
137,2018-03-04,13,4.6,36,21.6,1445,,,,,,16.2,11.4,140,2118,4.2,110,1838,1.4,1220,5.7,39,1411,63.3,9.6,1001.5,1017.7,900,1007.7,2356,1013,11.5,6.4,,,,,,,,,,,12.4,-.3,,,,,,,,,,,,,
137,2018-03-05,5,3,2349,12.8,36,,,,,,23.2,9.5,50,140,5,50,149,2.1,1777,2.1,61,2117,82.4,7.2,1006,1025.9,2358,1007.7,1,1017.9,11.5,.1,,,,,,,,,,,8.5,2.5,,,,,,,,,,,,,
137,2018-03-06,4.5,-1.7,711,11.9,1619,,,,,,,7.4,110,1957,3.9,70,1918,1.3,1117,-2.8,31,1445,62.6,5,1017.9,1032.5,2332,1025.9,1,1029.9,11.6,9.7,,,,,,,,,,,7.7,-6.3,,,,,,,,,,,,,
137,2018-03-07,3.9,.4,2345,7.2,1240,,,,,,4.8,7.3,90,1521,4.1,90,1529,1.5,1266,-.8,55,1131,72.4,5.8,1017,1033,738,1024.9,2400,1029.1,11.6,.1,,,,,,,,,,,5.4,-1.2,,,,,,,,,,,,,
137,2018-03-08,2.7,.2,132,6.6,1627,,,,,,18.9,7.5,290,1532,4.6,320,1551,1.3,1145,.4,63,1651,85.4,6.3,1006.8,1024.9,1,1015.9,1412,1018.8,11.7,.4,,,,,,,,,,,1.2,0,,,,,,,,,,,,,
137,2018-03-09,3.8,1,2335,8.1,1612,,,,,,,6.3,180,819,3.5,270,1746,1.7,1502,-1.4,47,1611,70,5.5,1011.6,1025.5,2347,1020.4,1,1023.6,11.7,.9,,,,,,,,,,,4.7,-1.9,,,,,,,,,,,,,
137,2018-03-10,5.3,-1,721,12.6,1526,,,,,,,8.8,290,1516,4.7,290,1512,1.8,1528,-3.6,18,1631,57.8,4.8,1012,1026.3,824,1021,1619,1024,11.7,9,,,,,,,,,,,6.9,-4.8,,,,,,,,,,,,,
137,2018-03-11,7.8,3.1,721,14.6,1543,,,,,,,8.8,290,1343,4.7,250,1326,2.4,2069,-3.9,20,1532,46.4,4.6,1013.1,1027,856,1023.2,1554,1024.9,11.8,9.3,,,,,,,,,,,8.3,-1.8,,,,,,,,,,,,,
137,2018-03-12,9,-1.2,718,19.4,1556,,,,,,,6.7,270,1917,3.5,270,1924,1.2,1042,-2.5,20,2300,49.9,5.1,1010.6,1025.9,825,1018.7,1652,1022.3,11.8,9.7,,,,,,,,,,,8.5,-6.2,,,,,,,,,,,,,
137,2018-03-13,13.2,1.2,708,22.5,1456,,,,,,,10.4,270,1422,5.4,270,1346,1.8,1556,1.3,22,1548,48,7,1007.4,1021.5,145,1015.5,1650,1018.9,11.9,9.1,,,,,,,,,,,10.6,-3.1,,,,,,,,,,,,,
137,2018-03-14,15.9,6.5,612,25,1443,,,,,,,9,270,1246,5.1,270,1248,1.4,1170,5.7,26,1438,55.8,9.1,1007.6,1022,841,1015.9,1655,1019,11.9,8.6,,,,,,,,,,,14.1,1.1,,,,,,,,,,,,,
137,2018-03-15,13.2,10.7,451,15.2,1807,,,,,,8.7,6,270,2237,4,250,2239,.8,658,11.3,61,6,88.8,13.6,1002.2,1018.8,3,1010.9,1745,1013.7,11.9,0,,,,,,,,,,,12.4,7.3,,,,,,,,,,,,,
137,2018-03-16,4.2,.4,2318,14.3,1,,,,,,.3,8.2,70,641,4.6,20,117,2.4,2105,-2,46,1512,65.5,5.4,1013.8,1031.2,2349,1013.1,1,1025.9,12,0,,,,,,,,,,,7.6,-3.6,,,,,,,,,,,,,
137,2018-03-17,4.1,-3.3,626,12.2,1624,,,,,,,4.3,20,1006,2.2,20,48,1.1,939,-3.2,33,1615,61.8,4.9,1016.2,1032.2,857,1024.6,1643,1028.3,12,10.2,,,,,,,,,,,7.1,-6.9,,,,,,,,,,,,,
137,2018-03-18,7.2,.5,646,12.7,1507,,,,,,2.2,3.3,320,2156,2.2,290,2158,.7,569,2.1,42,1335,72.5,7.2,1009.7,1025.4,1,1017.9,2354,1021.5,12,.6,,,,,,,,,,,8.5,-3,,,,,,,,,,,,,
137,2018-03-19,6.9,3.5,2315,9.9,1035,,,,,,29.6,9.4,90,1222,5,90,1814,2.6,2230,5,72,1813,88.3,8.8,1005.9,1023.3,2345,1014.3,619,1017.7,12.1,0,,,,,,,,,,,8.4,3.1,,,,,,,,,,,,,
137,2018-03-20,4.8,2.3,2339,9.1,1307,,,,,,,11.7,90,1308,6.5,90,1330,3.8,3241,-5,37,1308,49.1,4.2,1012.3,1026.1,944,1022.8,155,1024.3,12.1,2.6,,,,,,,,,,,7.3,2,,,,,,,,,,,,,
137,2018-03-21,.7,-.7,314,3.9,1228,,,,,,17.6,6.7,70,30,3.6,70,4,1.3,1139,-.5,55,1,91.5,5.9,1004.6,1023.2,16,1013.9,1540,1016.7,12.2,0,,,,,,,,,,,1.2,-.7,,,,,,,,,,,,,
137,2018-03-22,5.5,.7,1,11.7,1628,,,,,,,8.7,270,1125,4.8,270,815,2.8,2437,-2.2,27,1805,60.3,5.2,1002.4,1016.7,2337,1012.4,1629,1014.2,12.2,10.1,,,,,,,,,,,7.4,.1,,,,,,,,,,,,,
137,2018-03-23,7.8,1.6,534,14.8,1430,,,,,,,7.5,250,46,4.4,270,1638,2.3,1947,-3.9,23,1838,46.4,4.6,1007.1,1021.2,2349,1016.6,9,1018.8,12.2,10.3,,,,,,,,,,,8.6,-1,,,,,,,,,,,,,
137,2018-03-24,10.5,4.4,639,16.8,1509,,,,,,,9.6,270,1502,5.1,270,1435,3,2598,-.7,25,1036,47.3,5.9,1010,1023.5,928,1019.6,1529,1021.7,12.3,9.5,,,,,,,,,,,9.6,1,,,,,,,,,,,,,
137,2018-03-25,13.8,7,535,20,1447,,,,,,,10.9,250,1503,5.1,250,1511,2.8,2414,-1.3,17,1518,38.5,5.6,1011.9,1025.4,850,1021.4,1624,1023.4,12.3,10.6,,,,,,,,,,,11.8,2.6,,,,,,,,,,,,,
137,2018-03-26,14.9,6.6,631,21.5,1427,,,,,,,9.5,270,1647,5.4,270,1503,2.7,2338,1.4,24,1428,41.5,6.8,1009.3,1023.3,1,1017.7,1734,1020.8,12.4,10.3,,,,,,,,,,,12.8,4.6,,,,,,,,,,,,,
137,2018-03-27,15.5,6,624,23.5,1453,,,,,,,9.4,230,1506,4.9,250,1507,2.3,2029,3.5,24,1436,49,7.9,1006.3,1020.2,1,1014.9,1609,1017.7,12.4,10.2,,,,,,,,,,,13.9,1.6,,,,,,,,,,,,,
137,2018-03-28,16.7,8.6,626,23.5,1345,,,,,,,9.9,270,1405,5.5,290,1424,2.6,2223,3.5,18,1346,45.9,8,1005.2,1018,647,1014,1522,1016.5,12.4,9.8,,,,,,,,,,,14.8,4.1,,,,,,,,,,,,,
137,2018-03-29,16.1,10,2336,23.2,1521,,,,,,,7.9,20,2036,4.7,20,2040,2,1751,5.5,31,1507,52,9.1,1008.5,1024.6,2356,1017.2,1606,1019.9,12.5,3.8,,,,,,,,,,,14.9,8.2,,,,,,,,,,,,,
137,2018-03-30,13,7.3,609,19.8,1603,,,,,,,6.4,90,1100,3.4,70,1109,1.8,1554,1.3,31,1512,46.5,6.8,1013.3,1028,935,1021.6,1750,1024.9,12.5,8.7,,,,,,,,,,,13.8,3,,,,,,,,,,,,,
137,2018-03-31,14.9,5.3,609,24.3,1624,,,,,,,8.1,290,1648,4.1,290,1514,1.5,1325,2.9,23,1634,48.6,7.5,1008.7,1025.3,3,1015.9,1708,1020.2,12.5,9.8,,,,,,,,,,,15.1,1.8,,,,,,,,,,,,,
137,2018-04-01,17.7,10.7,702,23.8,1505,,,,,,,6.7,250,1554,3.2,270,1259,1.5,1264,7.2,36,1,51.3,10.4,1005.2,1018.6,915,1014,1559,1016.5,12.6,2,,,,,,,,,,,16,7.5,,,,,,,,,,,,,
137,2018-04-02,19.3,11.1,638,27,1536,,,,,,,8.5,270,1507,4.3,290,1626,1.7,1469,9,27,1525,56.6,11.6,1004.1,1017.3,743,1012.3,1604,1015.3,12.6,9.8,,,,,,,,,,,19.6,6.7,,,,,,,,,,,,,
137,2018-04-03,20.1,11.4,606,26.6,1548,,,,,,,10.2,290,1331,4.9,250,1340,1.9,1639,9.6,31,1528,53.9,11.9,1005.1,1018.7,745,1013.8,1612,1016.2,12.7,9,,,,,,,,,,,20.7,6.8,,,,,,,,,,,,,
137,2018-04-04,11.3,7.1,2302,19.6,1,,2.8,712,8.3,707,15.9,9.5,360,954,5.3,20,942,1.7,1508,8.8,55,1,85.4,11.6,1007.5,1023.8,2345,1013.7,530,1019.1,12.7,0,,,,,,,,,,,13.5,7,,,,,,,,,,,,,
137,2018-04-05,6.4,5.7,2133,7.2,1,,1.4,1840,4,1830,25.6,7.5,90,1227,3.7,90,1229,1.8,1547,5.6,87,1,94.9,9.1,1006.8,1023.8,28,1012.9,2359,1018.6,12.7,0,,,,,,,,,,,9.2,5.7,,,,,,,,,,,,,
137,2018-04-06,7.8,3.5,2030,13.9,1412,,1.5,133,6.1,122,22.4,14.6,270,1617,7.8,270,1714,3,2621,.2,23,1501,64.3,6.5,999.2,1013.1,2143,1009.3,1522,1010.8,12.8,5.4,,,,,,,,,,,11,1.7,,,,,,,,,,,,,
137,2018-04-07,5.2,2.6,615,9.9,1434,,,,,,,14.4,270,1507,8.1,270,1620,4.2,3648,-9.7,15,1831,35.4,3,1002.2,1017.6,2141,1011.9,1,1014,12.8,9.1,,,,,,,,,,,8.4,1.7,,,,,,,,,,,,,
137,2018-04-08,8.7,.7,601,14.9,1433,,,,,,,11.7,270,2139,5.5,250,2141,2.6,2247,-5.8,17,1355,38.5,4.1,1003.4,1019,727,1010.7,1746,1015.1,12.9,8.6,,,,,,,,,,,9.8,-1.6,,,,,,,,,,,,,
137,2018-04-09,11.9,6.8,2400,19.4,1543,,,,,,,8.8,270,31,4.5,270,26,1.9,1675,-1.2,16,1428,44.5,5.7,1005.6,1019,2338,1013.7,16,1017.1,12.9,10.6,,,,,,,,,,,13.6,1.7,,,,,,,,,,,,,
137,2018-04-10,14.5,2.2,627,25.3,1508,,,,,,,9.2,160,1554,4.3,160,1620,1.5,1333,2.5,23,1500,48.8,7.5,1001.2,1019,32,1004.9,2400,1012.6,12.9,9.8,,,,,,,,,,,14.6,-1.8,,,,,,,,,,,,,
137,2018-04-11,16.6,10.9,2359,21.4,1426,,3.1,139,4.6,124,4.7,13.1,230,127,6.3,250,118,3.6,3136,2.4,19,1349,42.4,7.9,998.7,1015.1,2357,1004,19,1010,13,11,,,,,,,,,,,17,7.4,,,,,,,,,,,,,
137,2018-04-12,14.7,5,617,22.4,1520,,,,,,,11.4,270,1536,6.8,270,1544,2.8,2381,-5.7,13,1646,25.5,4,1006.1,1022.3,2359,1015,125,1017.5,13,11.4,,,,,,,,,,,13.9,2.4,,,,,,,,,,,,,
137,2018-04-13,12.6,4.7,610,19.9,1341,,,,,,,8.9,110,1842,4.6,110,1859,2.1,1842,-3.2,19,1216,35.5,4.9,1012,1026,844,1021.2,2358,1023.6,13,4,,,,,,,,,,,12.7,1.1,,,,,,,,,,,,,
137,2018-04-14,9,6.9,704,11.4,1,,1.5,652,5.4,612,21.9,9,250,1732,5,270,1738,1.9,1617,6.4,47,1,84.9,9.7,997.7,1021.2,1,1003.3,1640,1009.3,13.1,0,,,,,,,,,,,10.7,6.9,,,,,,,,,,,,,
137,2018-04-15,11.3,7.2,531,16.7,1444,,,,,,,9.3,290,258,5.3,270,238,3.1,2712,2.1,34,1445,54.9,7.1,1000.6,1017,2339,1008.1,25,1012.1,13.1,9.4,,,,,,,,,,,13.8,4.9,,,,,,,,,,,,,
137,2018-04-16,12.3,5.1,649,18.7,1429,,,,,,,7.1,290,6,3.9,270,12,1.5,1307,1.5,21,1621,51.3,6.8,1008,1022.5,2358,1017,1,1019.6,13.2,11,,,,,,,,,,,15,3.4,,,,,,,,,,,,,
137,2018-04-17,13.9,6.3,555,22,1633,,,,,,,5.7,270,1751,2.8,250,1759,1.2,1011,2.3,20,1452,50.9,7.3,1008,1022.5,1,1015.7,1734,1019.5,13.2,10.8,,,,,,,,,,,15.7,3.6,,,,,,,,,,,,,
137,2018-04-18,15.8,7,603,23.6,1512,,,,,,,7.6,250,1428,4.2,270,1648,2,1704,-.4,13,1647,37,6,1005.3,1019,758,1013.7,1645,1016.6,13.2,11.5,,,,,,,,,,,16.2,4.3,,,,,,,,,,,,,
137,2018-04-19,18,9.6,431,26.2,1453,,,,,,,8.6,250,1118,4.7,250,1537,2.7,2366,-5,9,1308,22.9,4.3,1005.6,1019,2353,1014.5,1620,1016.9,13.3,11.4,,,,,,,,,,,17.5,5,,,,,,,,,,,,,
137,2018-04-20,20,9.4,601,30,1617,,,,,,,4.5,270,2400,2.4,230,11,1.1,909,4.2,18,1730,38.1,8.3,1007.9,1021.4,720,1016.3,1710,1019.1,13.3,11.5,,,,,,,,,,,20.6,5.3,,,,,,,,,,,,,
137,2018-04-21,21.4,11.2,559,32,1547,,,,,,,6.7,250,1745,2.8,270,1631,1.2,1051,4.4,13,1602,39.6,8.7,1006,1019.3,702,1013.6,1543,1017.1,13.3,10.7,,,,,,,,,,,22.5,6.3,,,,,,,,,,,,,
137,2018-04-22,15.6,11.1,552,19.4,1206,,.2,,.3,1013,.5,5.9,160,2130,2.5,110,2128,.8,733,7,28,26,57.3,10.2,1007.7,1021,944,1017,1713,1019.1,13.4,1.3,,,,,,,,,,,15.9,6.8,,,,,,,,,,,,,
137,2018-04-23,9.9,9.5,630,13.7,1,,1.9,1714,6.7,1624,37.3,5.9,90,447,2.4,70,822,1.3,1091,8.9,56,2,94,11.4,1006.2,1020.4,21,1015.1,2357,1017.9,13.4,0,,,,,,,,,,,12.6,10,,,,,,,,,,,,,
137,2018-04-24,11,7.8,2400,14.3,1612,,2.5,132,4.8,39,13.1,4.4,360,2059,2.1,360,2059,.9,760,8.5,61,2256,85.5,11.2,1000,1015.1,1,1009.3,1610,1011.5,13.4,0,,,,,,,,,,,13.7,5.6,,,,,,,,,,,,,
137,2018-04-25,13.2,3.9,543,22.4,1532,,,,,,,4.5,70,1257,2.1,90,1301,.8,711,1,9,1222,54.6,6.9,1001.8,1014.8,803,1011.1,1654,1013.3,13.5,12.3,,,,,,,,,,,16.5,.2,,,,,,,,,,,,,
137,2018-04-26,15.9,5,623,25.4,1430,,,,,,,7.4,250,1531,3.2,270,1531,1.3,1160,3.2,15,1320,49.9,7.7,1002.1,1016.4,752,1010.5,1650,1013.4,13.5,10.1,,,,,,,,,,,17.3,2,,,,,,,,,,,,,
137,2018-04-27,17.4,11.4,336,24.4,1422,,,,,,,7.5,250,929,3.5,270,216,2.1,1840,3.5,26,1312,41.6,8,1002.4,1017,2349,1012,1514,1013.7,13.5,10.8,,,,,,,,,,,17.8,8.6,,,,,,,,,,,,,
137,2018-04-28,17.3,8.6,606,25.6,1345,,,,,,,8.2,250,1434,4.7,250,1558,1.7,1452,.4,12,1500,42.5,7,1004.5,1018.8,712,1012.9,1731,1015.8,13.6,12,,,,,,,,,,,18.2,5.1,,,,,,,,,,,,,
137,2018-04-29,18.2,7,509,27.6,1520,,,,,,,7.5,270,1623,3.4,290,1617,1.7,1473,-1.6,12,1613,29.1,5.5,1001.6,1015.8,25,1008.8,1719,1012.8,13.6,12.2,,,,,,,,,,,19.3,2.5,,,,,,,,,,,,,
137,2018-04-30,21.1,12.7,555,28.2,1441,,,,,,,6.7,290,1532,3.1,320,1409,1.3,1155,8.8,24,1603,47.4,11.5,1002.6,1015.7,2338,1011.7,1816,1013.7,13.6,10.9,,,,,,,,,,,23.1,9.3,,,,,,,,,,,,,
137,2018-05-01,19.7,13.9,547,27.1,1327,,1.1,1845,1.7,1840,1.7,5.4,140,1706,2.5,110,1619,1,850,14.8,46,1326,76,16.9,1002.7,1016.5,524,1010.5,1658,1013.8,13.7,5.9,,,,,,,,,,,22.8,11.2,,,,,,,,,,,,,
137,2018-05-02,15.2,11.1,2358,18.2,18,,1.9,540,6.1,518,22.7,11.3,200,1929,5.4,250,2000,1.5,1283,13.5,67,2334,90.3,15.8,994,1011.6,1,1001.1,1742,1005.3,13.7,0,,,,,,,,,,,17.5,10.6,,,,,,,,,,,,,
137,2018-05-03,12.6,8.9,2327,17.7,1153,,,,,,,15.9,270,1232,8.9,270,1232,3.8,3285,2.5,27,1157,53.3,7.4,996.3,1011.4,2220,1004.7,1615,1007.8,13.7,11.1,,,,,,,,,,,16,6.3,,,,,,,,,,,,,
137,2018-05-04,15.1,8.8,152,22,1348,,,,,,,14.6,290,1512,7.5,290,1519,3.9,3356,-2.7,14,1536,33.1,5.2,1000.9,1015.6,2354,1010,152,1012.3,13.8,12.5,,,,,,,,,,,15.7,5.9,,,,,,,,,,,,,
137,2018-05-05,18.7,7.5,438,27.2,1406,,,,,,,10.1,290,1205,5.1,270,1206,1.8,1571,1.4,17,1409,34.5,6.9,1003.8,1017.5,706,1012.8,1740,1015,13.8,11.1,,,,,,,,,,,18.1,3.1,,,,,,,,,,,,,
137,2018-05-06,14.8,13.6,714,20,18,,1.3,1127,4.1,1040,26.6,4.9,360,1420,2.5,360,1424,1,873,14,40,6,95.1,16,996.8,1014,1,1005,1608,1008.2,13.8,0,,,,,,,,,,,16.4,13.5,,,,,,,,,,,,,
137,2018-05-07,16.3,13.4,2252,20.5,1508,,.8,654,2.4,612,4.2,5.2,110,1103,2.2,320,1155,.7,622,14.2,63,1511,88.6,16.2,996.3,1011.1,2357,1005.9,300,1007.6,13.9,1,,,,,,,,,,,18.6,10,,,,,,,,,,,,,
137,2018-05-08,14.6,10,2359,18.7,1308,,,,,,,8.7,140,2004,3.3,110,2007,1.5,1286,8.4,50,1355,67.9,11.1,1004.1,1020.2,2319,1011,5,1015.5,13.9,2.2,,,,,,,,,,,18,6.8,,,,,,,,,,,,,
137,2018-05-09,13.4,6.3,500,20.7,1632,,,,,,,5.6,90,1949,2.3,20,1228,1.1,919,6.4,34,1604,66.3,9.6,1010.3,1024.9,2330,1019.2,1710,1021.8,13.9,10.6,,,,,,,,,,,18.8,3.3,,,,,,,,,,,,,
137,2018-05-10,16.5,9.1,253,24.5,1516,,,,,,,7.2,270,1606,3.5,250,1732,1.3,1090,7.3,28,1652,59.3,10.3,1010.7,1025.4,736,1018.8,1705,1022.2,14,11,,,,,,,,,,,19.2,6.9,,,,,,,,,,,,,
137,2018-05-11,18.8,11.8,558,25.7,1435,,,,,,,6.9,320,1537,3.1,200,327,2,1700,5.3,20,1249,45.8,9.1,1006.2,1020.8,410,1014.3,1648,1017.5,14,10.9,,,,,,,,,,,22,9.5,,,,,,,,,,,,,
137,2018-05-12,14.2,13.1,1133,17.2,2,,1.1,2318,3.2,2248,16.4,3.8,270,835,1.6,290,818,.6,541,11.5,45,107,85.3,13.7,1000.2,1016,19,1007.8,2358,1011.5,14,0,,,,,,,,,,,16.6,13.1,,,,,,,,,,,,,
137,2018-05-13,18.3,14.5,1,23.8,1453,,.6,126,2.2,117,2.9,8.2,290,1730,4,250,1339,1.6,1409,13.1,47,1553,74.4,15.2,996.4,1010.7,2357,1005.9,429,1007.6,14,7.7,,,,,,,,,,,21.2,12.3,,,,,,,,,,,,,
137,2018-05-14,20.9,13.2,547,28.5,1449,,,,,,,7.3,290,1823,3.2,250,1636,1.4,1180,11.8,27,1507,60.6,13.9,999.9,1012.9,723,1008.8,1656,1011,14.1,11.8,,,,,,,,,,,23,10.3,,,,,,,,,,,,,
137,2018-05-15,23.4,15,459,32.2,1457,,,,,,,5.3,320,1309,1.8,110,1103,.7,574,14,25,1528,61.3,16.2,999.2,1012.8,834,1008,1943,1010.2,14.1,9.3,,,,,,,,,,,24.8,11.9,,,,,,,,,,,,,
137,2018-05-16,23,19.7,554,26.2,1730,,.1,,.2,,.2,3,340,1233,1.7,340,1237,.6,509,20.4,75,1728,85.8,24,995.8,1009.1,2,1004.9,1631,1006.7,14.1,.2,,,,,,,,,,,23.6,19.5,,,,,,,,,,,,,
137,2018-05-17,25.1,20.8,558,29.9,1301,,,,,,,6.9,140,1209,2.8,110,1216,1.1,930,20.8,59,1303,78.5,24.6,993.3,1006.4,649,1001.9,1757,1004.1,14.1,2.3,,,,,,,,,,,25.6,18.9,,,,,,,,,,,,,
137,2018-05-18,20.8,13.8,2333,24.8,1526,,2.1,404,4.8,344,6.7,7.8,20,1850,3.9,360,1856,1.6,1379,18.7,74,1527,88.1,21.9,993.9,1012.6,2400,1001.2,341,1004.9,14.2,.3,,,,,,,,,,,22.8,15,,,,,,,,,,,,,
137,2018-05-19,15.8,12.1,2339,21.3,1613,,,,,,,7.5,110,1625,3.1,90,1801,1.4,1239,7.2,36,1633,59.3,10.3,1005.9,1020.6,2325,1012.6,1,1017.3,14.2,6.1,,,,,,,,,,,20.8,7,,,,,,,,,,,,,
137,2018-05-20,15,7.6,517,23.5,1214,,,,,,,8.3,70,1700,3.7,90,1201,1.6,1378,5.5,29,1156,57,9.1,1009,1021.9,2321,1018.8,1520,1020.4,14.2,7.2,,,,,,,,,,,19.3,4.5,,,,,,,,,,,,,
137,2018-05-21,15.6,11.5,110,19.5,1600,,,,,,,4.6,20,336,2.1,50,341,.9,794,9.9,56,1603,69.6,12.3,1008,1021.7,14,1017.2,1714,1019.4,14.3,.1,,,,,,,,,,,18.4,7,,,,,,,,,,,,,
137,2018-05-22,17.1,11.4,534,25.4,1322,,.4,2344,1.3,2313,3.5,4.6,160,1357,2.5,200,1332,.7,571,13.4,39,1323,81.6,15.5,1001.5,1018.1,1,1007.6,2400,1012.7,14.3,3.8,,,,,,,,,,,21.3,8.2,,,,,,,,,,,,,
137,2018-05-23,19.6,15.3,2357,25.8,1332,,1,357,4.2,127,16.5,8,320,1831,3.8,250,1804,1.7,1508,9.1,23,1350,56.4,12.1,996,1010.5,2252,1005.2,1442,1007.1,14.3,10.9,,,,,,,,,,,24,10.4,,,,,,,,,,,,,
137,2018-05-24,19.8,10.1,555,27.4,1548,,,,,,,9.9,250,1750,5,250,1652,1.8,1590,6.8,25,1044,46.5,9.9,998.6,1011.7,741,1007.7,1800,1009.8,14.3,12.2,,,,,,,,,,,22.7,7,,,,,,,,,,,,,
137,2018-05-25,20.7,14,303,28.1,1428,,,,,,,6.7,270,1343,3.2,230,1503,1.5,1266,6.7,21,1358,43.1,9.9,996.8,1010.1,1,1005.9,1415,1007.9,14.4,9.5,,,,,,,,,,,24,10.6,,,,,,,,,,,,,
137,2018-05-26,21.8,11.5,542,30.4,1638,,,,,,,4.6,360,1248,2.9,230,2400,.9,774,10.2,25,1726,52.4,12.5,997.6,1010.6,2242,1006.1,1607,1008.6,14.4,12.7,,,,,,,,,,,26.4,8.6,,,,,,,,,,,,,
137,2018-05-27,21.5,15.5,606,26.8,1342,,,,,,,3.9,230,2219,2.9,230,2,.9,757,12.3,34,1208,58.3,14.4,998.9,1012.1,843,1008,1650,1009.9,14.4,1.9,,,,,,,,,,,23.9,12.7,,,,,,,,,,,,,
137,2018-05-28,23.6,15.7,515,29.5,1612,,,,,,,6.8,140,1255,2.8,250,2334,1.4,1200,13.6,35,1555,54.9,15.6,998.8,1010.9,2301,1007.7,1717,1009.7,14.4,11.7,,,,,,,,,,,28.2,12.6,,,,,,,,,,,,,
137,2018-05-29,23.9,18.1,441,29.9,1459,,,,,,,5.5,250,22,2.4,230,407,1,886,15.8,40,1502,62.5,18,999.7,1012.6,822,1008.3,1654,1010.7,14.4,9,,,,,,,,,,,29.6,15.6,,,,,,,,,,,,,
137,2018-05-30,21.9,17.5,1923,28.6,1628,,1.9,1902,2.3,1900,3.7,10.9,230,1901,5.2,270,1909,1.2,1007,15.1,32,1631,67.3,17.3,998.5,1011.5,321,1006.9,1625,1009.5,14.4,6.1,,,,,,,,,,,26.7,14.7,,,,,,,,,,,,,
137,2018-05-31,21.1,15.2,441,27.9,1622,,,,,,,6.7,340,1123,3.3,250,552,1.7,1457,11,31,1404,55.5,13.2,999.7,1013.3,2355,1009,1446,1010.8,14.5,12.8,,,,,,,,,,,27.3,12.3,,,,,,,,,,,,,
137,2018-06-01,24.4,15.4,516,32.2,1358,,,,,,,5.5,270,1457,2.7,270,1503,1.1,961,12.1,25,1333,51.4,14.2,1002.9,1015.1,713,1012.1,1717,1013.9,14.5,12.6,,,,,,,,,,,30,12.3,,,,,,,,,,,,,
137,2018-06-02,25.6,17.2,536,32.6,1453,,,,,,,6.8,290,1555,3.5,250,1545,1.6,1396,9,22,1607,36.1,11.5,1003.2,1016.4,741,1011.8,1652,1014.2,14.5,12.5,,,,,,,,,,,31.5,14.1,,,,,,,,,,,,,
137,2018-06-03,23.6,15.8,525,32,1435,,,,,,,6.3,230,1551,3.2,250,1554,1.1,925,9.5,21,1525,43.9,11.9,1001.6,1014.6,806,1010.2,1726,1012.6,14.5,10.8,,,,,,,,,,,29.7,12.7,,,,,,,,,,,,,
137,2018-06-04,24.8,18.4,521,30.8,1349,,,,,,,6.6,290,1719,3.1,250,1702,1.5,1315,11.2,24,1236,43.5,13.3,1001.2,1014,704,1009.9,1616,1012.1,14.5,8.8,,,,,,,,,,,30.5,14.9,,,,,,,,,,,,,
137,2018-06-05,21.7,18.3,540,27.2,1554,,.2,,.3,132,.3,5.7,250,8,2.9,250,11,.8,680,15.9,43,1527,72.1,18.1,1000.9,1013.8,810,1010.2,1733,1012,14.5,5.4,,,,,,,,,,,27.4,15.9,,,,,,,,,,,,,
137,2018-06-06,24.8,17.6,230,31.8,1610,,,,,,,5.7,140,1126,2.8,230,515,1.4,1172,15.4,32,1600,59,17.5,1000,1013.1,817,1008.7,1717,1010.9,14.6,10.6,,,,,,,,,,,31.3,15.3,,,,,,,,,,,,,
137,2018-06-07,25.8,19.8,608,33,1532,,,,,,,7,270,1859,3.2,230,1203,1.7,1490,15.2,27,1533,55,17.4,999.4,1012.5,553,1007.4,1706,1010.2,14.6,12.3,,,,,,,,,,,33.3,17.5,,,,,,,,,,,,,
137,2018-06-08,23.5,19.4,2345,29.2,1610,,,,,,,7.3,230,601,3.7,250,1008,2.1,1774,15.3,42,1612,61.1,17.4,996.8,1009.4,216,1005.3,1618,1007.8,14.6,10.2,,,,,,,,,,,31.8,16.4,,,,,,,,,,,,,
137,2018-06-09,21.2,16.6,527,27.1,1436,,,,,,,7.3,140,1301,3.4,140,1307,1.2,1059,13.5,40,1607,63.6,15.5,997.6,1009.9,2306,1007.1,1726,1008.6,14.6,3.7,,,,,,,,,,,28.7,14.4,,,,,,,,,,,,,
137,2018-06-10,19.4,17.9,500,22.5,1448,,,,,,,6.7,90,1815,2.3,70,31,1.3,1104,12.1,55,1255,63,14.1,994.9,1009,1,1003.6,1713,1006,14.6,0,,,,,,,,,,,25.2,17.6,,,,,,,,,,,,,
137,2018-06-11,18.5,15.6,518,22.2,1424,,.1,,.1,,.1,4.6,140,1320,1.9,110,1314,.6,536,13.7,54,1504,74.9,15.7,990.5,1004.4,1,999.8,1706,1001.6,14.6,.4,,,,,,,,,,,23.7,15.5,,,,,,,,,,,,,
137,2018-06-12,20.5,16.6,253,26.5,1513,,0,,0,,0,5.7,360,2220,2.6,230,1936,1,895,14.5,49,1507,69.9,16.5,992,1006,2358,1001.5,40,1003.1,14.6,6.1,,,,,,,,,,,27.2,15.7,,,,,,,,,,,,,
137,2018-06-13,20.7,17.2,450,26.5,1452,,0,,0,,0,5.2,110,2304,2.1,20,56,1,899,13.3,47,1426,63.1,15.3,996.6,1009.8,1017,1005.8,1652,1007.6,14.6,4.5,,,,,,,,,,,27.8,16.6,,,,,,,,,,,,,
137,2018-06-14,20.1,17.5,2353,24.9,1608,,.1,,.1,,.1,6.5,70,1606,2.1,20,1528,1.1,948,13.5,51,1613,66.1,15.5,998.5,1011,2310,1007.6,1709,1009.6,14.6,1.6,,,,,,,,,,,26,14.6,,,,,,,,,,,,,
137,2018-06-15,19.5,15.7,2343,25.8,1511,,,,,,,6.7,50,1319,2.4,90,1252,1.2,996,10.5,38,1417,57.9,12.7,1001.2,1015.4,2337,1010.7,227,1012.3,14.6,6.4,,,,,,,,,,,26.4,10.6,,,,,,,,,,,,,
137,2018-06-16,19.5,12.8,345,26.7,1619,,,,,,,5.1,20,1343,2.1,50,1112,1,861,11.1,37,1620,60.9,13.2,1002.3,1015.8,737,1010.7,1734,1013.5,14.6,8,,,,,,,,,,,27.7,8.9,,,,,,,,,,,,,
137,2018-06-17,20.7,13.2,518,27.6,1630,,,,,,,3.2,340,1509,1.6,340,1512,.7,582,14.4,43,1348,69,16.4,999.6,1013.3,551,1007.9,1900,1010.7,14.6,6.1,,,,,,,,,,,27.5,9.7,,,,,,,,,,,,,
137,2018-06-18,25.4,17.8,503,32.9,1711,,,,,,,5.4,230,2323,2.7,230,2049,.9,778,15.1,27,1710,57.1,17.3,995.5,1009,107,1003.8,1716,1006.3,14.7,10.5,,,,,,,,,,,32.8,16.3,,,,,,,,,,,,,
137,2018-06-19,22.1,19.2,2400,26.5,1056,,.2,,.5,1333,.9,5.4,230,58,3.2,230,521,1.5,1271,16.8,52,942,73.3,19.2,993.9,1005.7,911,1003.6,2351,1004.8,14.7,0,,,,,,,,,,,25.3,18.2,,,,,,,,,,,,,
137,2018-06-20,24,18.2,412,30.1,1640,,,,,,,7.5,270,1537,3.6,250,2356,2.1,1847,14.6,32,1621,58.5,16.7,992.2,1004.5,2319,1001.1,1638,1003.1,14.6,10.6,,,,,,,,,,,30.4,16.2,,,,,,,,,,,,,
137,2018-06-21,24.5,19,543,30.5,1553,,,,,,,7.4,250,1407,3.7,270,1408,2.1,1792,11.2,24,1604,46.5,13.6,995.4,1008.7,2244,1004.4,1,1006.3,14.7,12.6,,,,,,,,,,,30.2,16.7,,,,,,,,,,,,,
137,2018-06-22,25.4,17.8,313,33.2,1429,,,,,,,4.9,110,1140,2.6,230,520,1.2,1048,10,17,1431,40.8,12.4,997.1,1010.2,725,1005.7,1759,1008,14.7,9.3,,,,,,,,,,,33,13.6,,,,,,,,,,,,,
137,2018-06-23,26,20.3,707,31.8,1326,,,,,,,9.1,250,1856,4.2,250,1638,2.1,1850,10.8,23,1543,40.4,13,993.2,1007.3,1,1001.5,1612,1004,14.7,8.4,,,,,,,,,,,33.1,18.8,,,,,,,,,,,,,
137,2018-06-24,27.4,20.9,436,35.2,1526,,,,,,,8,270,300,4.5,270,309,2.1,1794,14,21,1511,47.6,16.1,996.4,1009.8,2349,1005,127,1007.2,14.7,12.1,,,,,,,,,,,35.1,18.8,,,,,,,,,,,,,
137,2018-06-25,26.8,19.6,602,33.7,1439,,,,,,,5.2,270,8,3,250,152,.8,713,15,29,1152,51.9,17.2,999.4,1011.9,849,1008.8,1647,1010.2,14.6,6.8,,,,,,,,,,,32.6,15.7,,,,,,,,,,,,,
137,2018-06-26,22,20.6,443,26.5,2334,,9.7,2350,11.6,2301,17.9,7.4,200,2357,3.2,270,2353,.7,578,20.1,72,17,89.9,23.7,994.6,1010.2,2,999.9,2328,1005.6,14.6,0,,,,,,,,,,,24.2,18.7,,,,,,,,,,,,,
137,2018-06-27,26.6,23.1,645,32.2,1619,,5.3,30,15.8,1,56.7,9.5,180,112,4.5,250,124,1.9,1631,20.7,43,1635,72.8,24.4,990.8,1003.2,2137,1000.3,328,1001.6,14.6,7.8,,,,,,,,,,,28.7,22.5,,,,,,,,,,,,,
137,2018-06-28,24.2,22.1,535,27.2,1452,,,,,,,5.6,270,16,2.5,270,5,1,843,20.7,69,1148,81.6,24.5,989.2,1002.9,1,997.8,1733,1000,14.6,.4,,,,,,,,,,,26,20.8,,,,,,,,,,,,,
137,2018-06-29,25.6,20.6,535,31.5,1518,,.4,121,.9,104,.9,5.5,200,2034,3.4,230,2034,1,868,20.8,52,1520,76.5,24.6,992.2,1007.6,2354,998.6,147,1003.1,14.6,6.6,,,,,,,,,,,28.6,19.3,,,,,,,,,,,,,
137,2018-06-30,24,21.4,2349,26.6,1006,,,,,,,7.8,140,1635,3,110,1621,.9,796,21.1,73,1042,84.1,25,999.6,1013.3,2232,1007.2,12,1010.5,14.6,.1,,,,,,,,,,,25.9,20.7,,,,,,,,,,,,,
137,2018-07-01,21.6,19.8,700,24.7,1719,,4.3,653,10.9,1055,49.3,7.1,270,1906,2.8,290,1911,.8,704,20.6,85,1758,94.1,24.2,999.6,1012.5,111,1009.2,1701,1010.6,14.6,0,,,,,,,,,,,24,20.1,,,,,,,,,,,,,
137,2018-07-02,21.7,20.4,643,22.5,1800,,2.9,633,8.8,1223,44.7,7,250,209,3,250,215,.7,581,21.3,96,1140,97.9,25.3,997.9,1010.2,1114,1007.8,2359,1008.9,14.6,0,,,,,,,,,,,23,20.4,,,,,,,,,,,,,
137,2018-07-03,23.8,22,2127,27.1,1009,,2.6,2,6.7,1,11.5,7.2,360,2013,3.1,360,1941,1.5,1256,22.1,78,1801,90.5,26.6,989.1,1007.8,1,994.1,2259,1000,14.6,.9,,,,,,,,,,,26.4,22,,,,,,,,,,,,,
137,2018-07-04,26.9,22,123,33.3,1431,,,,,,,7.4,270,842,3.9,250,848,1.7,1490,21.9,50,1452,76,26.3,986.7,1001.8,2330,993.6,139,997.4,14.6,8.3,,,,,,,,,,,29.7,21.8,,,,,,,,,,,,,
137,2018-07-05,23.8,22.6,701,28,1700,,.3,630,.7,500,1.6,5.7,90,2057,1.8,20,1324,.8,706,22.1,73,1706,90.9,26.6,992.9,1006.8,2332,1001.6,1,1003.7,14.6,1.1,,,,,,,,,,,26,22.6,,,,,,,,,,,,,
137,2018-07-06,21.4,18.8,2325,23.4,936,,.5,1052,1.6,1253,4.5,5.5,90,835,1.9,90,1005,.9,748,18.3,70,1010,82.8,21.1,997.3,1010.6,2345,1006.7,309,1008.3,14.6,.1,,,,,,,,,,,23.9,17.2,,,,,,,,,,,,,
137,2018-07-07,20.9,15.7,506,27,1651,,,,,,,7,140,2026,2.8,140,1746,1,878,14.6,47,1705,69.3,16.7,1000.2,1014.2,2322,1009.3,1553,1011.3,14.5,9.6,,,,,,,,,,,26.2,14.8,,,,,,,,,,,,,
137,2018-07-08,19.9,15.8,331,24.3,1530,,,,,,,4.8,90,2156,1.8,110,2156,.9,740,14.8,58,1414,73.5,17,1003,1016,2214,1012.6,1633,1014.1,14.5,.2,,,,,,,,,,,24.1,14.6,,,,,,,,,,,,,
137,2018-07-09,18.9,18.2,741,19.5,1713,,3.1,1331,4.5,1327,12,3.7,50,1642,1.6,20,1043,.8,702,18.1,86,608,95.5,20.8,1005.6,1018.2,2308,1015.1,106,1016.8,14.5,0,,,,,,,,,,,21.3,19,,,,,,,,,,,,,
137,2018-07-10,22.9,18.4,339,26.9,1336,,.1,,.1,,.1,3.3,360,357,1.4,360,358,.6,555,21,73,1339,90.4,25.1,1004.9,1017.8,1,1014.6,1640,1016,14.5,.2,,,,,,,,,,,25.6,18.4,,,,,,,,,,,,,
137,2018-07-11,26.9,21.9,359,33.5,1521,,,,,,,6.6,180,1756,4.1,200,1756,.7,577,24.2,58,1445,86.8,30.3,1004.3,1016.7,755,1013.6,1552,1015.2,14.5,4.1,,,,,,,,,,,30.5,21.6,,,,,,,,,,,,,
137,2018-07-12,28.8,23.9,539,33.6,1447,,,,,,,6.1,250,1549,3,250,1404,1.2,1005,23.1,49,1635,73.9,28.4,1002.1,1014.8,1,1011.1,1744,1012.9,14.5,10.7,,,,,,,,,,,31.8,23,,,,,,,,,,,,,
137,2018-07-13,29.1,26,308,33.8,1553,,,,,,,6.5,270,1535,2.9,250,1323,1.4,1218,22.1,45,1524,68,26.7,1000.9,1013.1,738,1009.8,1733,1011.6,14.4,10.1,,,,,,,,,,,33.4,23.8,,,,,,,,,,,,,
137,2018-07-14,29,25.1,300,33.6,1347,,,,,,,7.1,230,1645,3.8,250,1633,1.5,1265,22,46,1526,67.3,26.4,999.9,1012.1,655,1009.3,1803,1010.7,14.4,12.6,,,,,,,,,,,34.9,23.2,,,,,,,,,,,,,
137,2018-07-15,29.6,24.4,152,35.2,1640,,,,,,,5.8,360,1339,2.9,230,257,1.4,1245,21.8,43,1512,65.3,26.1,1000.7,1012.6,529,1009.7,1743,1011.5,14.4,12.8,,,,,,,,,,,36.7,23.2,,,,,,,,,,,,,
137,2018-07-16,29.9,24.3,519,35.7,1521,,,,,,,6.4,340,1405,2.8,270,2243,1.2,1036,22.3,41,1503,65.8,26.9,1000.8,1012.8,557,1009.8,1722,1011.5,14.4,12.7,,,,,,,,,,,37.8,22.8,,,,,,,,,,,,,
137,2018-07-17,29.1,25.1,603,34.4,1521,,,,,,,6.7,270,1416,3.5,250,1459,1.6,1373,21.3,43,1418,64.8,25.4,1000.6,1012.7,548,1009.7,1729,1011.4,14.4,11.9,,,,,,,,,,,37.5,23.5,,,,,,,,,,,,,
137,2018-07-18,29,23.3,459,35,1431,,,,,,,5.3,250,1224,2.7,250,1457,.9,796,22.1,44,1400,68.5,26.6,1000.3,1012.8,804,1009.2,1658,1011.1,14.4,12,,,,,,,,,,,37.4,21.4,,,,,,,,,,,,,
137,2018-07-19,29.7,24.8,457,35.8,1507,,,,,,,4.8,180,1121,2.4,230,1458,.9,775,22.3,41,1513,67.4,27,999.3,1012,624,1008,1720,1010,14.3,11.7,,,,,,,,,,,38.2,23.1,,,,,,,,,,,,,
137,2018-07-20,29.6,23.3,546,36.8,1544,,,,,,,4.8,270,1407,2.5,270,1410,.8,733,22.1,32,1525,67.8,26.6,998,1010.3,642,1006.9,1621,1008.7,14.3,12.6,,,,,,,,,,,38.4,21.2,,,,,,,,,,,,,
137,2018-07-21,30.2,24,500,36.9,1623,,,,,,,4,160,1326,2,140,1130,.8,653,22.9,39,1705,68.3,28,997.7,1010.1,723,1006.6,1623,1008.4,14.3,12.3,,,,,,,,,,,39.2,21.7,,,,,,,,,,,,,
137,2018-07-22,30.1,25,510,35.7,1429,,,,,,,5.4,160,1536,2.5,140,1542,.8,707,23.9,42,1258,71.4,29.6,997.9,1009.8,636,1007.6,1525,1008.6,14.3,9.2,,,,,,,,,,,39,23.4,,,,,,,,,,,,,
137,2018-07-23,30.4,25.2,509,36.4,1452,,,,,,,3.8,230,1428,2,140,1017,.6,478,22.8,42,1647,66.4,27.8,997.7,1010.2,636,1006.4,1819,1008.4,14.3,10.9,,,,,,,,,,,40,24,,,,,,,,,,,,,
137,2018-07-24,30.8,24.9,527,37.5,1558,,,,,,,3.8,140,1319,1.8,140,1421,.6,557,23,35,1543,66.5,28.2,996.3,1009,815,1004.8,1806,1007,14.2,11.7,,,,,,,,,,,40.4,22.9,,,,,,,,,,,,,
137,2018-07-25,31.3,28,110,36.5,1555,,,,,,,7.4,250,1207,3.3,250,858,1.5,1337,22.3,41,1555,60.3,27,996.2,1008.2,823,1005.1,1702,1006.9,14.2,11.8,,,,,,,,,,,40.5,26.1,,,,,,,,,,,,,
137,2018-07-26,31.6,26.4,540,37.1,1632,,,,,,,6.5,200,1014,3.2,250,1405,1.4,1229,22,39,1421,58.8,26.5,995.9,1008.3,739,1004.1,1754,1006.6,14.2,12.1,,,,,,,,,,,40.1,24.1,,,,,,,,,,,,,
137,2018-07-27,32.2,26.3,517,38,1345,,,,,,,5.3,290,1658,2.2,270,1725,1.1,966,23.4,38,1500,61.9,28.8,995.5,1008.2,654,1003.6,1727,1006.1,14.1,11.6,,,,,,,,,,,40.2,25.1,,,,,,,,,,,,,
137,2018-07-28,29.2,26.3,558,36.5,1402,,0,,0,,0,4.9,70,1451,1.8,110,1441,.8,684,24,46,1324,75.1,29.9,995,1007.4,728,1003.4,1636,1005.7,14.1,5.6,,,,,,,,,,,35.4,24.4,,,,,,,,,,,,,
137,2018-07-29,29.8,24,515,36.8,1436,,,,,,,7.6,50,1710,3.7,70,1657,1.2,1075,20.4,30,1605,61.1,24.2,992.1,1005,1,1000.2,1516,1002.8,14.1,11.4,,,,,,,,,,,38.1,21.9,,,,,,,,,,,,,
137,2018-07-30,29.1,24.9,526,35.9,1300,,7.5,1607,7.6,,7.6,5.8,90,1611,3.3,230,1619,.8,697,21.4,42,1259,64.6,25.6,993.6,1006.2,2355,1003,231,1004.3,14.1,5.7,,,,,,,,,,,36,22.9,,,,,,,,,,,,,
137,2018-07-31,29.4,22.3,552,36.8,1647,,,,,,,5.5,140,1956,2.1,110,1957,.8,657,20.9,36,1622,63.9,24.8,993.9,1006.9,557,1001.9,1727,1004.6,14,11.9,,,,,,,,,3,,34.9,21.6,,,,,,,,,,,,,
137,2018-08-01,30.9,23,604,38,1627,,,,,,,4.5,140,1955,2,140,1949,.8,649,20.3,32,1615,57.5,23.9,993.1,1005.5,2357,1001.4,1736,1003.7,14,12.4,,,,,,,,,.9,.3,38,21.6,,,,,,,,,,,,,
137,2018-08-02,30.9,23.6,532,38,1513,,,,,,,5.2,160,2002,2,90,1335,.8,695,20.4,33,1505,57.1,24.1,995.4,1007.4,748,1004,1756,1006.1,14,12.5,,,,,,,,,1.9,.5,39.5,21.4,,,,,,,,,,,,,
137,2018-08-03,31.3,24.5,523,37.8,1509,,,,,,,5.2,140,1657,2.6,230,2059,1.1,965,21.2,33,1434,57.9,25.2,996.9,1009.4,744,1005.5,1807,1007.6,14,12.2,,,,,,,,,2.3,.4,39.6,22.4,,,,,,,,,,,,,
137,2018-08-04,31.6,27.2,506,37.7,1509,,,,,,,8.2,250,1515,3.8,270,1416,2.1,1790,21.5,35,1547,56.6,25.6,996.5,1009.2,648,1004.9,1743,1007.2,13.9,12.3,,,,,,,,,3.5,.6,40.9,25.7,,,,,,,,,,,,,
137,2018-08-05,30.5,26.8,525,35.6,1507,,,,,,,7,250,1221,3.7,250,1226,1.8,1538,21.8,43,1619,61.3,26.1,996,1008,803,1004.7,1724,1006.7,13.9,8.7,,,,,,,,,5.3,3.4,37.6,24.9,,,,,,,,,,,,,
137,2018-08-06,30.1,26.1,521,35.9,1501,,0,,0,,0,6.7,70,1838,2.9,230,1305,1.3,1112,23.3,49,1504,68.1,28.7,995.9,1008,2357,1004.5,1654,1006.6,13.9,5.2,,,,,,,,,6.8,1.5,37.3,24.8,,,,,,,,,,,,,
137,2018-08-07,29.6,25.5,536,35.2,1644,,0,,0,,0,4.8,90,1709,1.9,140,1725,1,863,22.1,44,1701,65.9,26.6,996.9,1009.7,646,1005,1714,1007.6,13.8,7,,,,,,,,,5.9,4.3,37.7,25.4,,,,,,,,,,,,,
137,2018-08-08,30,24.1,508,37.2,1627,,,,,,,5.5,90,1930,2.3,360,1833,1,860,21.9,38,1629,64.6,26.3,995.7,1008.5,629,1003.8,1721,1006.4,13.8,8.9,,,,,,,,,4,.8,36.9,22.4,,,,,,,,,,,,,
137,2018-08-09,29.8,24.5,539,36.9,1512,,.9,2232,2.9,2205,2.9,7.1,250,1502,3.5,250,1619,1.1,993,22.4,39,1513,68.3,27.2,993.4,1006.4,657,1001.3,1749,1004.1,13.8,6.9,,,,,,,,,6.1,2.8,37.8,23.1,,,,,,,,,,,,,
137,2018-08-10,27.6,24.6,711,33.2,1507,,.6,350,1.2,325,1.4,4.8,140,2046,2.5,140,1803,1,836,23.6,56,1511,81.1,29.2,993.3,1005.6,2226,1002.3,1753,1004.1,13.7,4.5,,,,,,,,,7.4,5.3,32.1,25.3,,,,,,,,,,,,,
137,2018-08-11,27.3,24.6,2354,31.2,1104,,,,,,,5.7,140,1140,2.1,110,1830,.8,721,22.2,58,1107,74.6,26.8,995.5,1007.6,2330,1005,1700,1006.3,13.7,1,,,,,,,,,7.1,4.8,30.8,22.5,,,,,,,,,,,,,
137,2018-08-12,28.1,24.3,134,34,1524,,,,,,,3.8,140,1536,2,140,1545,.8,648,22.6,51,1525,73.5,27.5,997.4,1010.1,2348,1006.5,1736,1008.2,13.7,3.6,,,,,,,,,7,3.9,33.8,22.4,,,,,,,,,,,,,
137,2018-08-13,30.6,24.3,520,38,1410,,,,,,,5.3,110,1501,2.4,110,1525,.8,674,22.9,36,1509,67.3,28,999.3,1011.8,906,1007.5,1731,1010,13.6,10.1,,,,,,,,,5.6,.6,38.5,22.8,,,,,,,,,,,,,
137,2018-08-14,31.1,24.9,551,38.4,1537,,,,,,,5,140,1703,2.1,140,1733,.7,626,21.4,29,1659,60.4,25.7,999,1011.2,708,1007.2,1647,1009.7,13.6,12,,,,,,,,,4.9,.3,37.9,22.9,,,,,,,,,,,,,
137,2018-08-15,30.3,24.6,536,38.5,1457,,,,,,,7.3,70,1930,2.8,20,2141,1.3,1154,20.9,30,1444,61,24.9,996.6,1010.1,16,1003.7,1535,1007.3,13.6,11.4,,,,,,,,,4.4,1.3,39.8,21.9,,,,,,,,,,,,,
137,2018-08-16,26.6,23.3,2354,33.2,1117,,7.1,1138,7.3,,7.3,8.2,70,1659,3.1,90,1657,1.2,1065,20,49,1645,68.1,23.7,999.2,1014.6,2351,1006.1,59,1010.1,13.5,6.4,,,,,,,,,7.4,2.9,32.1,21.1,,,,,,,,,,,,,
137,2018-08-17,24.5,20.4,2355,30.1,1139,,,,,,,7.1,90,1324,3,110,1648,1.4,1200,14.2,40,1140,53.6,16.2,1002.5,1014.9,708,1011.3,1723,1013.4,13.5,5.5,,,,,,,,,5.5,3.6,28.4,15.8,,,,,,,,,,,,,
137,2018-08-18,23.7,16.6,557,31.5,1526,,,,,,,6.1,140,1337,2.9,140,1417,1,859,14.3,32,1432,59.5,16.4,1000.5,1014.2,642,1008.3,1757,1011.5,13.5,10.2,,,,,,,,,4.9,1.6,31.2,14.5,,,,,,,,,,,,,
137,2018-08-19,25.3,17.6,550,33.8,1544,,,,,,,4.4,340,1710,2,20,1637,.8,711,15.3,30,1517,57.9,17.5,999.5,1013.2,720,1007.8,1601,1010.4,13.4,11.6,,,,,,,,,5.8,.6,33.9,15.7,,,,,,,,,,,,,
137,2018-08-20,27,19.7,602,34.8,1528,,,,,,,6.8,200,2225,3,140,1655,1.2,1046,17.1,32,1412,57.8,19.5,996,1010.8,615,1003.1,1734,1006.8,13.4,10.8,,,,,,,,,4.7,1,34.9,17.5,,,,,,,,,,,,,
137,2018-08-21,27.5,21.3,608,35.8,1505,,,,,,,6,250,1514,2.9,270,1515,1,822,19.3,32,1506,64.6,22.4,993.1,1005.8,2259,1001.8,1532,1003.9,13.4,8.3,,,,,,,,,5.8,.9,33.9,19.4,,,,,,,,,,,,,
137,2018-08-22,28.8,22.1,544,36,1313,,,,,,,8.7,140,1704,3.7,110,1735,1.2,1047,20.3,40,1351,63.1,23.9,994.6,1006.9,723,1003.1,1536,1005.3,13.3,8.3,,,,,,,,,5.6,1,35.8,19.6,,,,,,,,,,,,,
137,2018-08-23,28.3,24.9,2225,33.6,1242,,3.5,2218,11.4,2204,17.4,9,90,1439,4.1,90,1721,1.8,1571,21.7,49,1243,69,26,989.1,1005.6,1,993.6,2400,999.8,13.3,1.6,,,,,,,,,9.3,6.5,31.6,24.4,,,,,,,,,,,,,
137,2018-08-24,26.2,23.8,2350,29.7,1529,,5.1,408,21.7,332,46.7,13,250,1415,5.6,250,1259,2.6,2208,22.3,61,1530,80.3,27.1,986.1,1006.6,2350,987.1,456,996.8,13.3,3.3,,,,,,,,,7.8,6,27.8,21,,,,,,,,,,,,,
137,2018-08-25,24.9,21.4,612,29.1,1256,,.2,,.2,,.2,5.8,270,1119,2.9,250,1126,.8,727,19.6,54,1319,73.9,22.8,998.6,1011.6,2322,1006.7,1,1009.5,13.2,2.3,,,,,,,,,9.1,3.6,26.8,19.7,,,,,,,,,,,,,
137,2018-08-26,19.4,18.2,1351,23.4,1,,8.3,2101,19.3,2028,83.9,4.9,250,107,2.5,230,33,.5,468,18.8,74,33,96.8,21.7,1002.2,1015.1,1142,1011.4,5,1013.4,13.2,0,,,,,,,,,10,4.8,23.3,18.2,,,,,,,,,,,,,
137,2018-08-27,21.3,18.7,31,24.2,1707,,6.4,918,13,1,60.3,5.5,270,858,2,320,905,.5,419,21.1,91,1726,99.4,25.1,1001.2,1014,930,1011.2,1638,1012.2,13.2,0,,,,,,,,,9.4,5.3,23.2,19,,,,,,,,,,,,,
137,2018-08-28,24.9,22.6,1,28,1439,,9,28,13.2,1,22.4,4.1,340,2219,1.6,20,2227,.5,450,24,83,1305,95.3,29.9,1001.1,1013.3,959,1011.2,1856,1012,13.1,.3,,,,,,,,,9.4,4.9,26.5,22.4,,,,,,,,,,,,,
137,2018-08-29,27.2,23.3,549,33.7,1508,,,,,,,4.7,180,1525,2.3,230,1533,.7,591,23.2,46,1454,80.8,28.4,999.1,1011.9,9,1007.7,1742,1009.9,13.1,7.4,,,,,,,,,8.3,4.6,30.8,23.3,,,,,,,,,,,,,
137,2018-08-30,25.9,23.8,533,31.4,1420,,8.7,2327,20.4,2301,33.8,9,200,1542,4.2,270,1533,1.2,1022,23.5,61,1518,88,29,998.7,1011.2,2053,1007.7,1512,1009.6,13,3,,,,,,,,,7.4,3.5,28.4,23.6,,,,,,,,,,,,,
137,2018-08-31,22,19.4,754,25.7,1618,,6,1039,12.8,604,66.5,6.6,320,558,3,320,607,.9,757,21.1,76,1622,95.3,25.1,999.8,1012.9,1035,1008.5,500,1010.8,13,2.6,,,,,,,,,8.5,5.1,25.5,19.4,,,,,,,,,,,,,
137,2018-09-01,23.9,20,2350,29.1,1509,,,,,,,6.4,70,1733,2.5,50,1714,1,860,18.9,51,1557,75.3,22,1001.2,1014.1,2353,1010.4,1509,1012.2,13,8.3,,,,,,,,,6.8,4.5,28.3,17.7,,,,,,,,,,,,,
137,2018-09-02,21.6,16.7,555,26.4,1157,,,,,,,4.6,360,2302,1.9,50,958,.8,697,17.8,57,1140,80,20.4,999.8,1013.9,1,1008.8,1522,1010.9,12.9,4.6,,,,,,,,,4.5,3.3,25,15.5,,,,,,,,,,,,,
137,2018-09-03,22.6,19.9,241,26.1,1543,,1.1,1940,3.7,1857,8.4,3.6,20,48,1.6,360,20,.7,596,21.4,80,1457,93.5,25.6,991.8,1008.8,1,996.8,2400,1002.7,12.9,.1,,,,,,,,,9.5,5,25.5,19.9,,,,,,,,,,,,,
137,2018-09-04,24,20.8,255,29.6,1356,,21.6,138,37.3,135,59.9,8.9,230,1622,3.9,250,1624,1.6,1395,17.9,45,1455,71.8,20.8,986.4,1000.9,2349,993.8,1356,997.3,12.9,8.9,,,,,,,,,4.3,1.4,26.7,19.3,,,,,,,,,,,,,
137,2018-09-05,23.6,19.5,316,28.3,1414,,,,,,,9.6,250,1256,4.4,250,1217,2.3,2006,14.5,37,1229,58.5,16.5,992.4,1005.6,2348,1000.8,1,1003.3,12.8,9.9,,,,,,,,,2.9,.6,24.6,17.1,,,,,,,,,,,,,
137,2018-09-06,22.8,17.6,614,28.3,1134,,,,,,,6.5,290,2327,2.6,270,2324,.9,785,17.9,54,1223,75,20.6,994.7,1007.6,834,1004.3,2332,1005.6,12.8,3.6,,,,,,,,,8,5.6,24.3,16.4,,,,,,,,,,,,,
137,2018-09-07,22.2,18.8,2344,26.3,1053,,,,,,,6.2,320,1442,2.9,270,1450,1.5,1301,14.7,45,1429,63.6,16.9,994.9,1010.7,2330,1003,338,1005.9,12.7,1.2,,,,,,,,,9.3,6.8,23,16.7,,,,,,,,,,,,,
137,2018-09-08,19.6,14.8,644,26.2,1529,,,,,,,4.6,110,1536,2.1,250,2,.9,740,13,37,1646,68.4,15,1002.3,1015.4,2343,1010.7,1,1013.5,12.7,8.3,,,,,,,,,3.8,1.6,23.4,12.2,,,,,,,,,,,,,
137,2018-09-09,20.3,13.1,626,27.6,1530,,,,,,,5.2,90,1914,1.9,320,1615,.7,641,13.5,31,1529,69.1,15.5,1005.3,1019.1,2235,1014.4,1535,1016.5,12.7,10.2,,,,,,,,,1.4,.3,24.6,11.3,,,,,,,,,,,,,
137,2018-09-10,20.1,15.1,2359,26.4,1336,,,,,,,6.1,90,2024,2,110,2028,.9,812,12.9,36,1550,66.6,15,1009.9,1023.1,2228,1018.8,3,1021.2,12.6,8.8,,,,,,,,,3.8,2.3,24.4,12.6,,,,,,,,,,,,,
137,2018-09-11,18.6,12,635,25.2,1216,,,,,,,6.3,90,1208,2.4,20,1056,1.1,931,11.7,42,1220,67.5,13.8,1010.4,1024,740,1019.8,1524,1021.7,12.6,6.4,,,,,,,,,6.5,4.8,23.1,10.1,,,,,,,,,,,,,
137,2018-09-12,20.8,15.1,545,27.3,1502,,,,,,,4.7,70,1230,1.7,70,1253,.7,617,15.5,53,1634,72.6,17.7,1007.6,1021.3,16,1016.3,1644,1018.8,12.6,5.7,,,,,,,,,7.6,6.3,25.3,13.3,,,,,,,,,,,,,
137,2018-09-13,19.2,17.7,338,20.8,1804,,.2,,.6,1253,.9,4.1,20,1631,1.9,20,1633,.4,382,17.5,78,1116,90.3,20,1006.9,1019.7,833,1016.7,1543,1018.1,12.5,0,,,,,,,,,9.3,6.1,21.2,16.6,,,,,,,,,,,,,
137,2018-09-14,20.3,18.6,242,22.2,1447,,.7,1055,2.6,1035,15.3,4.4,20,1346,1.9,360,1437,.9,761,19.9,87,949,97.5,23.2,1005,1018.3,16,1014.7,1624,1016.2,12.5,0,,,,,,,,,8.1,6.3,22.6,18,,,,,,,,,,,,,
137,2018-09-15,20.8,18.9,536,23.5,1318,,.4,1,1.1,2,2.8,4.2,360,133,1.9,360,7,.5,421,20.2,81,1116,97.3,23.7,1003.8,1016.4,938,1013.9,2359,1014.9,12.5,0,,,,,,,,,8.5,8.4,23.1,18.9,,,,,,,,,,,,,
137,2018-09-16,22.8,20.5,2326,27.1,1047,,,,,,,4.8,290,824,2.6,270,832,1,890,19.6,63,1235,83.3,22.9,1004,1016.7,2231,1013.7,215,1015,12.4,1.4,,,,,,,,,8.1,5.6,24.1,19.7,,,,,,,,,,,,,
137,2018-09-17,22,17.1,2319,28.3,1424,,,,,,,5.6,250,1606,3,250,1558,1.3,1141,16,40,1354,71.8,18.3,1005.7,1017.7,931,1015.2,1338,1016.8,12.4,8.2,,,,,,,,,5.8,2,24.5,15.4,,,,,,,,,,,,,
137,2018-09-18,21,14.7,625,28.5,1444,,,,,,,6.8,230,1636,3.3,250,1637,.9,799,14.4,25,1302,70,16.5,1005.2,1019,719,1014,1552,1016.3,12.3,9.8,,,,,,,,,5,2.5,25.1,12.4,,,,,,,,,,,,,
137,2018-09-19,19.9,15.1,445,23.5,1123,,,,,,,3.6,360,1416,1.7,20,1539,.6,496,16.2,60,1119,80,18.5,1003.2,1016.8,727,1012.3,2324,1014.4,12.3,.6,,,,,,,,,9.4,6,22.9,13.8,,,,,,,,,,,,,
137,2018-09-20,18.2,17.3,646,20.3,7,,.5,1050,1.9,1147,11,5.5,20,1322,2.2,20,123,1.1,971,18,89,1,99.4,20.7,1000.1,1012.8,2119,1009.7,1406,1011.2,12.3,0,,,,,,,,,7.3,6.6,20.9,18,,,,,,,,,,,,,
137,2018-09-21,18.2,17.6,447,19.2,1659,,1.8,1150,6.9,1100,35.5,5.6,20,1032,2.5,20,936,.9,809,18.1,99,146,99.9,20.8,999.1,1012.3,1,1008.2,1451,1010.2,12.2,0,,,,,,,,,8.4,6.5,20.8,16.6,,,,,,,,,,,,,
137,2018-09-22,20.4,14.8,2357,26.4,1400,,,,,,,7.5,200,1459,3.3,270,1502,1.5,1261,14.8,38,1306,74.4,17.1,1003.8,1017.1,2358,1011.9,1,1014.9,12.2,9.3,,,,,,,,,3.5,1,23.4,11.8,,,,,,,,,,,,,
137,2018-09-23,17.8,12,559,25.7,1532,,,,,,,5.2,320,1733,2.4,250,2126,.7,645,13,46,1435,76,15,1005.1,1018.3,608,1013,1559,1016.4,12.1,6.9,,,,,,,,,6.4,3.4,20.6,10.5,,,,,,,,,,,,,
137,2018-09-24,16.7,11.6,2400,22,1302,,,,,,,5.9,340,1158,2.8,320,1205,.9,769,10,36,1230,67.5,12.3,1007.3,1020.2,2340,1017.1,1544,1018.6,12.1,5.1,,,,,,,,,6.4,.3,19.1,8.3,,,,,,,,,,,,,
137,2018-09-25,15.6,8,641,23.9,1533,,,,,,,6.1,90,1806,2.4,140,1336,.8,718,9.8,39,1535,71.6,12.2,1008.3,1021.1,738,1016.7,1549,1019.7,12.1,9.5,,,,,,,,,3.9,.9,19.6,5.1,,,,,,,,,,,,,
137,2018-09-26,16.2,12.1,2358,23.1,1457,,,,,,,6.2,90,1506,2.2,50,1557,.9,791,11.4,46,1638,75.8,13.5,1008.8,1021.4,809,1018.5,1530,1020.2,12,4.3,,,,,,,,,5.8,3.8,19.2,9.3,,,,,,,,,,,,,
137,2018-09-27,16.1,8.9,607,24.1,1405,,,,,,,5.1,90,1910,2.2,140,1508,.7,624,10.1,41,1605,70.8,12.4,1007.8,1020.5,900,1016.8,1511,1019.2,12,8.7,,,,,,,,,2,.9,19.7,6.4,,,,,,,,,,,,,
137,2018-09-28,15.8,9.4,536,20.6,1213,,,,,,,3.6,20,1956,1.5,360,1020,.7,599,11.8,55,1058,78.8,13.9,1007.9,1021,819,1017.6,1541,1019.3,11.9,3.1,,,,,,,,,7.9,3.1,18.9,7.1,,,,,,,,,,,,,
137,2018-09-29,18.3,12.9,616,24.9,1514,,,,,,,5,110,1643,2,110,1646,.7,563,13.6,52,1136,75.8,15.6,1003.1,1018.8,56,1010.7,2400,1014.4,11.9,6.8,,,,,,,,,8.9,5.5,21.2,10.7,,,,,,,,,,,,,
137,2018-09-30,19.1,14.4,2344,26.5,1305,,,,,,,10.4,250,1757,5.4,270,1739,1.8,1552,9.5,27,1252,58,12.5,994,1011.1,7,1000.7,1519,1005.1,11.9,9.2,,,,,,,,,2.6,1.6,22.7,9.9,,,,,,,,,,,,,
137,2018-10-01,15.1,11.6,854,19.1,1600,,1.6,844,2.4,844,3.4,8.7,270,1157,4.2,250,1629,2.4,2065,8.5,45,1212,65.8,11.1,997.2,1013.5,2356,1004.8,1,1008.5,11.8,6.3,,,,,,,,,6.3,3.5,17.6,8.6,,,,,,,,,,,,,
137,2018-10-02,15.3,10.2,625,22.2,1410,,,,,,,7.4,270,1354,3.3,250,1522,1.5,1275,8.7,37,1417,67.9,11.3,1005.9,1020.2,2333,1013.5,1,1017.3,11.8,9.2,,,,,,,,,1.1,.1,19.1,6.8,,,,,,,,,,,,,
137,2018-10-03,14.9,8.4,521,24,1507,,,,,,,4.2,50,1159,1.7,20,944,.8,715,9,30,1408,72.8,11.6,1010.5,1024.7,2357,1019.8,1502,1022,11.8,9.2,,,,,,,,,1.4,0,19.4,5,,,,,,,,,,,,,
137,2018-10-04,17.4,10.1,507,25.5,1433,,,,,,,6.7,110,1655,2.4,110,1533,.9,811,11.5,40,1438,70.9,13.6,1012.8,1026.3,855,1021.9,1526,1024.1,11.7,8,,,,,,,,,6.9,3.1,20.3,7.6,,,,,,,,,,,,,
137,2018-10-05,16.8,15.5,327,17.7,1,,3,1852,8.8,1431,61.9,4.7,50,2325,2.6,20,2309,1.2,1077,16.5,72,1,98.8,18.8,1006.4,1023.3,35,1010.7,2359,1017.7,11.7,0,,,,,,,,,10,6.4,18.4,15.5,,,,,,,,,,,,,
137,2018-10-06,18.7,17,35,22.3,1507,,3.1,842,15.8,818,91.6,9.9,290,1700,5.2,340,1138,2.5,2125,16.5,65,1615,87.8,18.8,992.6,1013.1,2347,992.9,1141,1003.6,11.6,1,,,,,,,,,8,6.4,19.4,14.5,,,,,,,,,,,,,
137,2018-10-07,18.7,13.4,2326,24.3,1329,,,,,,,7.5,230,1335,3.8,250,1455,1.9,1670,11.1,36,1349,63.8,13.5,1004.8,1018.5,2329,1013.1,1,1016.1,11.6,9.1,,,,,,,,,1.9,1.1,20.1,9.2,,,,,,,,,,,,,
137,2018-10-08,14.5,9.6,2338,21.1,1504,,,,,,,5.8,270,247,2.7,250,220,1.1,993,5.3,32,1351,57.4,9,1007.8,1020.9,855,1017.3,1706,1019.2,11.6,8.6,,,,,,,,,5.3,3.5,17.8,5.8,,,,,,,,,,,,,
137,2018-10-09,13.4,8.8,408,19.7,1402,,,,,,,3.9,50,1352,1.7,140,1444,.5,469,9.9,48,1337,81.1,12.3,1006,1020.4,108,1014.9,2352,1017.5,11.5,1.9,,,,,,,,,9.1,6.5,16.5,6,,,,,,,,,,,,,
137,2018-10-10,13.7,9.6,2350,18.4,1225,,.1,,.1,,.1,11.3,270,1312,4.8,250,1312,2,1712,5.4,37,1458,61,9.4,1005.3,1020.9,2353,1013.2,412,1016.8,11.5,6.8,,,,,,,,,6.5,2.5,16.3,6,,,,,,,,,,,,,
137,2018-10-11,10.5,4.9,648,16,1444,,,,,,,10.9,270,1615,4.9,270,1248,2.1,1830,.2,25,1132,52.5,6.3,1010.8,1024.8,2354,1020.7,1347,1022.5,11.4,9.3,,,,,,,,,1.3,.4,14,1.4,,,,,,,,,,,,,
137,2018-10-12,9.9,3.5,656,17.8,1436,,,,,,,3.5,270,1034,1.8,180,812,.6,520,3.1,25,1551,67.4,7.7,1014.3,1027.4,805,1024.2,1436,1026,11.4,9.2,,,,,,,,,0,0,13.9,-.8,,,,,,,,,,,,,
137,2018-10-13,10.9,3.2,630,19.9,1603,,,,,,,3.5,320,1256,1.4,320,1500,.5,415,5.9,39,1544,75,9.4,1014.1,1028.3,847,1023.1,1528,1025.8,11.4,8.9,,,,,,,,,2.9,1.8,14.8,.3,,,,,,,,,,,,,
137,2018-10-14,12.3,5.6,648,21.2,1356,,,,,,,6.4,270,1510,2.9,270,1511,.7,569,6,26,1413,70.9,9.5,1011.1,1025.1,831,1020.5,1427,1022.7,11.3,8.1,,,,,,,,,6,3.6,15,2.3,,,,,,,,,,,,,
137,2018-10-15,14.3,8,557,21.4,1537,,,,,,,5.8,290,1257,2.4,230,443,1.2,1014,7.9,35,1527,67.8,10.7,1008.6,1022.3,129,1017.4,1537,1020.1,11.3,8.8,,,,,,,,,2.8,1.4,16.5,5.6,,,,,,,,,,,,,
137,2018-10-16,12.9,8.5,641,17.8,1540,,,,,,,3.7,200,540,2.2,230,2007,.7,635,9.2,51,1604,80.3,11.7,1005.3,1019,1,1014.7,1630,1016.8,11.3,1.4,,,,,,,,,7.9,4.9,14,4.3,,,,,,,,,,,,,
137,2018-10-17,11.7,6.7,455,19.7,1505,,,,,,,6.3,200,1319,2.9,250,1323,1,847,5.5,27,1539,70.8,9.2,1004.6,1017.8,825,1013.9,1454,1016.1,11.2,7.3,,,,,,,,,3.4,2,14.7,2.9,,,,,,,,,,,,,
137,2018-10-18,10.9,4.6,716,18.6,1337,,.4,2119,1.2,2053,1.2,6.7,20,1736,3.4,360,1743,1.2,1004,6.1,44,1339,74.8,9.5,1007.9,1022.3,2130,1017.2,21,1019.5,11.2,3.2,,,,,,,,,5.8,3.4,13.4,-.1,,,,,,,,,,,,,
137,2018-10-19,11.9,5.5,640,19.6,1444,,,,,,,3.9,110,1342,1.9,230,1739,.7,632,6.2,33,1438,72.6,9.5,1012.9,1026.5,2358,1021.8,1,1024.5,11.2,8.9,,,,,,,,,0,0,14.8,1.8,,,,,,,,,,,,,
137,2018-10-20,10,3.3,641,20.7,1516,,,,,,,3,50,1424,1.5,50,1050,.6,476,4.4,18,1521,74.1,8.5,1014.1,1028.4,909,1023.3,1630,1025.9,11.1,7.4,,,,,,,,,2.8,1.1,13.6,-.9,,,,,,,,,,,,,
137,2018-10-21,9.8,2.7,644,20.6,1458,,,,,,,2.8,20,926,1.6,290,1728,.6,521,2.9,18,1448,69.6,7.6,1012.3,1026.8,817,1021.2,1620,1024.1,11.1,8.7,,,,,,,,,3.8,.9,13.7,-1.8,,,,,,,,,,,,,
137,2018-10-22,11.2,4.9,411,19,1535,,,,,,,2.6,360,1213,1.3,50,1216,.4,361,6.8,43,1407,77,10,1009.3,1023.5,821,1019,1640,1020.9,11.1,4.7,,,,,,,,,7.8,7.3,13.8,1.6,,,,,,,,,,,,,
137,2018-10-23,13.8,7.6,709,19.4,1417,,,,,,,6.9,270,1329,3.6,270,1302,1.2,1007,8.8,48,1344,73.9,11.3,1006.2,1019.4,2306,1015.5,1516,1017.7,11,5.3,,,,,,,,,4,1.4,15.8,3.9,,,,,,,,,,,,,
137,2018-10-24,13,7.6,2325,20.5,1458,,,,,,,6.5,270,1730,2.9,250,1608,1.2,1049,5.5,32,1434,64.8,9.1,1009,1022.4,2251,1018.3,1437,1020.5,11,8.8,,,,,,,,,1.1,0,15.2,2.5,,,,,,,,,,,,,
137,2018-10-25,10.4,4.3,640,20.5,1540,,,,,,,3.2,20,1242,1.4,20,1027,.7,582,5.1,29,1541,74.1,8.8,1009.5,1024.3,901,1018.9,1604,1021.2,10.9,8.6,,,,,,,,,4.6,1.3,13.6,-.5,,,,,,,,,,,,,
137,2018-10-26,10.2,6.9,24,12.2,1909,,1.4,1356,4.4,1337,8.8,7,250,540,3.6,230,1915,.9,787,8.4,71,2355,89.6,11.1,1002,1019.3,16,1009.7,1702,1013.5,10.9,0,,,,,,,,,8.9,5.8,11.6,3.5,,,,,,,,,,,,,
137,2018-10-27,10.4,7.5,2236,14.3,1341,,,,,,,11.1,290,1301,5.7,270,1310,2.8,2418,1.2,36,1426,53.9,6.8,1003,1016.4,2256,1011.8,7,1014.6,10.9,7.5,,,,,,,,,4.4,1.4,11,2.9,,,,,,,,,,,,,
137,2018-10-28,9.2,3.1,622,16.4,1421,,2.4,1644,7.2,1558,13.3,10.7,290,1526,5.2,270,1528,1.8,1574,4.9,47,1036,75.5,8.8,999.5,1016.3,133,1005.8,1420,1011.2,10.8,4.8,,,,,,,,,6.1,2.9,10.7,-1,,,,,,,,,,,,,
137,2018-10-29,9.5,5.1,645,14.2,1121,,,,,,,8.6,270,1913,4.4,270,1915,1.6,1375,3.8,51,1534,69.1,8.1,1002.4,1017.5,2345,1011.8,1,1014.1,10.8,4.2,,,,,,,,,3.3,1,10.7,1,,,,,,,,,,,,,
137,2018-10-30,7.2,2.3,622,12.6,1247,,,,,,,8.4,230,1356,4.2,250,1413,2.2,1897,-2.3,33,1251,52.5,5.2,1009.5,1024,2246,1017.3,4,1021.3,10.8,8.8,,,,,,,,,.3,0,9,-2.2,,,,,,,,,,,,,
137,2018-10-31,8,2.2,332,14.6,1442,,,,,,,8.2,250,1322,4,250,1325,1.6,1392,-1,29,1543,55.5,5.7,1011.2,1024.7,2228,1021.1,1456,1023,10.7,8.8,,,,,,,,,.3,.1,9.4,-1.1,,,,,,,,,,,,,
137,2018-11-01,8.1,.7,650,16.7,1401,,,,,,,5.7,270,1613,2.8,250,1544,1.2,1044,-.2,27,1352,59.4,6,1014.3,1028.2,2222,1024.2,8,1026.1,10.7,8.8,,,,,,,,,0,0,9.4,-4,,,,,,,,,,,,,
137,2018-11-02,7.5,.3,625,18.3,1507,,,,,,,3.6,360,324,1.5,320,346,.5,443,.3,19,1451,66.3,6.3,1016.4,1030.7,825,1026,1622,1028.3,10.7,8.8,,,,,,,,,0,0,9.6,-4.1,,,,,,,,,,,,,
137,2018-11-03,8.3,-.1,652,20.2,1505,,,,,,,3,140,1510,1.3,110,1440,.3,275,.6,18,1353,64.9,6.5,1013.9,1029,835,1022.3,1637,1025.7,10.6,8.7,,,,,,,,,.3,0,9.8,-4.6,,,,,,,,,,,,,
137,2018-11-04,9.1,.8,704,21.1,1447,,,,,,,4.3,230,1728,2,250,1706,.6,509,1,22,1530,62.6,6.6,1010.6,1024.5,30,1019.1,1449,1022.3,10.6,8.7,,,,,,,,,1.5,0,10.2,-3.2,,,,,,,,,,,,,
137,2018-11-05,8.9,1.5,720,18.4,1455,,,,,,,3.3,20,1349,1.3,20,1408,.4,376,2.1,29,1450,66.6,7.1,1011.9,1025.3,821,1021.2,1548,1023.6,10.6,8.3,,,,,,,,,5.6,2,10.4,-2.5,,,,,,,,,,,,,
137,2018-11-06,10.5,3,644,19.2,1441,,,,,,,3.6,90,1234,1.3,360,1156,.5,402,6,47,1442,76.3,9.5,1013.8,1027.7,849,1023.3,1621,1025.5,10.5,8.1,,,,,,,,,5.1,2,11.6,-.5,,,,,,,,,,,,,
137,2018-11-07,11.9,9.2,346,14.3,1357,,,,,,1.4,2.5,20,1328,1.1,180,141,.2,158,11,87,46,94.6,13.2,1013.3,1027.2,847,1022.9,2359,1024.9,10.5,0,,,,,,,,,9.4,6.5,12.8,7.7,,,,,,,,,,,,,
137,2018-11-08,13.5,12.2,718,16.4,2319,,,,,,23.2,9.6,270,2334,4.6,250,2336,1,899,12.4,67,2400,94.3,14.5,1003.4,1022.9,1,1007.1,2111,1014.9,10.5,0,,,,,,,,,9,5.8,13.6,11.7,,,,,,,,,,,,,
137,2018-11-09,12.1,7.6,2400,15.7,1,,,,,,.1,11.3,270,559,5.1,250,111,2.4,2047,6.3,51,1426,69.1,9.6,1006.3,1023.3,2325,1009.6,5,1017.8,10.4,2.4,,,,,,,,,5.4,4,11.9,2.7,,,,,,,,,,,,,
137,2018-11-10,11.6,6.2,320,18.7,1405,,,,,,,7.6,270,1256,3.6,250,1535,1.2,1031,6.6,41,1452,74.3,9.8,1012.7,1026,825,1022.9,1454,1024.4,10.4,5.8,,,,,,,,,3.3,2.3,11.3,1.6,,,,,,,,,,,,,
137,2018-11-11,8.6,4,807,13,1321,,,,,,,3.7,340,608,1.7,160,40,.6,561,6.5,70,1322,87.6,9.7,1010.4,1024.9,832,1019.9,2232,1022.2,10.4,1.4,,,,,,,,,7.8,4.8,9.8,.2,,,,,,,,,,,,,
137,2018-11-12,9.6,4.9,2400,16.2,1450,,,,,,,4.8,270,224,2.6,270,228,.9,800,1.8,31,1351,61.8,7,1007.4,1020.6,917,1017,1518,1019.1,10.4,8.3,,,,,,,,,4.3,1.4,10.8,-.1,,,,,,,,,,,,,
137,2018-11-13,8.7,4,148,16.6,1308,,,,,,,3.7,110,1301,1.7,70,1317,.6,487,3.8,46,1317,73.5,8,1008,1021.4,2327,1017.6,1436,1019.7,10.3,4.5,,,,,,,,,4.6,3.5,9.7,-.1,,,,,,,,,,,,,
137,2018-11-14,7.9,2.7,736,15.9,1315,,,,,,,3.5,110,1403,1.9,320,2211,.6,486,3.3,37,1520,76.1,7.8,1011.7,1025.8,2341,1021.4,1,1023.6,10.3,8.3,,,,,,,,,2,.6,9.7,-2.1,,,,,,,,,,,,,
137,2018-11-15,7.3,.8,654,15.9,1551,,,,,,,3.3,20,1514,1.6,20,1516,.6,514,3.5,47,1447,79.4,7.9,1013.6,1028.2,840,1023.2,1545,1025.5,10.3,8.1,,,,,,,,,4,1.6,8.9,-3.4,,,,,,,,,,,,,
137,2018-11-16,8.2,3.1,633,14.6,1536,,,,,,,5.3,230,2312,2.5,270,1756,.7,604,3.6,41,1616,75.6,8,1009.9,1024.4,1,1019.5,1441,1021.7,10.2,.5,,,,,,,,,7.3,4.8,8.4,-.9,,,,,,,,,,,,,
137,2018-11-17,8.7,3.1,738,15.2,1433,,,,,,,7.2,270,125,4.5,270,325,1.7,1445,-1.6,27,1537,50.3,5.5,1010.6,1025,834,1020.5,1436,1022.4,10.2,8.3,,,,,,,,,3.3,1.5,8.5,-1.1,,,,,,,,,,,,,
137,2018-11-18,7.1,2.2,711,10.2,1501,,,,,,,8,270,1035,4.7,270,1036,2,1733,-4.5,29,1136,44.3,4.4,1009.5,1022.9,39,1019.2,1632,1021.3,10.2,.2,,,,,,,,,8.8,7.8,6.3,0,,,,,,,,,,,,,
137,2018-11-19,8,1.8,720,14.4,1457,,,,,,,6.5,290,1608,3.6,270,1613,1.1,920,-1.3,28,1532,54.3,5.6,1010.6,1023.9,2359,1020.6,1419,1022.4,10.2,7.7,,,,,,,,,1.6,1.6,8.3,-3.3,,,,,,,,,,,,,
137,2018-11-20,6.5,1.4,2357,14,1446,,,,,,,5.5,250,243,3.2,250,345,1.2,1033,-7.6,14,1448,39.8,3.5,1013.4,1027.2,838,1023.7,34,1025.3,10.1,8.5,,,,,,,,,0,0,6.3,-4.7,,,,,,,,,,,,,
137,2018-11-21,4.5,-1.3,548,10.6,1347,,,,,,,7.7,360,1509,4.1,360,1516,1.1,957,-2.7,32,1437,61.3,5.1,1011.9,1026.5,904,1020.7,1506,1023.9,10.1,1.8,,,,,,,,,8.3,5,5.5,-5.1,,,,,,,,,,,,,
137,2018-11-22,4.4,1.3,537,8.6,1303,,,,,,,13.5,320,1401,6.7,320,1406,2.7,2317,-8.7,17,1053,40.9,3.3,1013.4,1027.1,2252,1023,25,1025.4,10.1,8.4,,,,,,,,,.6,0,4.6,-4.3,,,,,,,,,,,,,
137,2018-11-23,2,-2.5,2359,8.7,1441,,,,,,,6.7,230,1347,3.6,250,159,1.7,1456,-11.3,16,1301,40.3,2.7,1016.8,1030.8,1024,1027,1504,1028.9,10.1,7.7,,,,,,,,,1,0,3.2,-7.8,,,,,,,,,,,,,
137,2018-11-24,-.6,-3.3,113,1.1,1530,,,,,,5.1,3.8,20,638,2.2,20,641,.8,664,-3.3,52,739,82.8,4.9,1014.2,1030.1,226,1024.2,1745,1026.5,10,0,,,,,,,,,8.8,7.3,1.2,-7.8,,,,,,,,,,,,,
137,2018-11-25,2.5,.4,2351,7.6,1458,,,,,,,2.5,70,1423,1.5,20,1423,.5,435,1.8,85,1501,95,7,1013,1026.9,2259,1023.8,552,1025.1,10,1.9,,,,,,,,,7,5.4,5.6,-2.7,,,,,,,,,,,,,
137,2018-11-26,.9,-1.9,826,6.3,1556,,,,,,,3.5,360,820,1.8,360,822,.6,490,.4,80,1558,96,6.4,1013.8,1028.5,842,1024.1,1839,1026,10,2.1,,,,,,,,,7,5.4,4.7,-5.3,,,,,,,,,,,,,
137,2018-11-27,5.8,-2.2,626,14.1,1433,,,,,,,6.3,320,1518,3.3,290,1519,1,836,3.5,61,1710,86.9,8.3,1011.1,1025.2,858,1020.7,1503,1023,10,2.5,,,,,,,,,8,7.6,6,-5.4,,,,,,,,,,,,,
137,2018-11-28,6.6,.4,2333,12.6,1519,,,,,,,6.8,250,418,4.5,270,436,1.6,1360,-6.6,15,1514,41,3.9,1012.1,1025.9,2354,1021.9,1556,1024,9.9,3,,,,,,,,,3.9,2.5,6.2,-5.4,,,,,,,,,,,,,
137,2018-11-29,4.6,-2.3,742,10.6,1633,,,,,,,6,320,1808,3,270,1824,1,862,-7,21,1632,46.3,3.6,1014.4,1028,1004,1024.8,1417,1026.4,9.9,5.1,,,,,,,,,2.8,2.3,3.8,-5.9,,,,,,,,,,,,,
137,2018-11-30,6.3,-.1,801,12,1512,,,,,,,7,270,1224,3.7,290,1232,1.4,1225,-5.3,22,1513,45.6,4.2,1014.4,1028.3,837,1024.1,1451,1026.4,9.9,8.2,,,,,,,,,1,0,5.6,-4.7,,,,,,,,,,,,,
137,2018-12-01,5.4,.7,2359,11.8,1438,,,,,,,6.2,250,235,3.2,270,245,1,881,-3.2,37,1413,55.4,4.9,1015.8,1029.3,1001,1026.2,438,1027.8,9.9,4.8,,,,,,,,,7.8,1.8,5.1,-4.5,,,,,,,,,,,,,
137,2018-12-02,5.1,-1.6,622,12.3,1503,,,,,,,3.3,360,1431,1.8,360,1431,.6,482,.5,49,1514,73.9,6.4,1013.5,1028.9,43,1022.5,1554,1025.5,9.9,5.5,,,,,,,,,5.9,2.5,5.3,-5.9,,,,,,,,,,,,,
137,2018-12-03,9.2,6.2,111,11.7,1410,,,,,,9.3,2.7,250,601,1.6,180,355,.4,311,8.2,79,336,94.3,11,1006.4,1023.1,1,1015.4,1423,1018.1,9.8,0,,,,,,,,,9,8,9.7,2.7,,,,,,,,,,,,,
137,2018-12-04,10.1,5,2358,14,1153,,,,,,16,11.3,270,1309,7.7,270,1312,2.2,1877,6.3,50,2352,79.1,10.1,1005.8,1024.7,2346,1013.1,538,1017.4,9.8,1.3,,,,,,,,,9.4,6.3,10.9,2.3,,,,,,,,,,,,,
137,2018-12-05,3.4,-.7,721,7.3,1341,,,,,,,6.9,270,1,4.1,270,247,1.5,1305,-5.8,31,1310,51.9,4,1013.7,1029,920,1022.3,2355,1025.7,9.8,4.8,,,,,,,,,5.6,4.4,4.4,-4,,,,,,,,,,,,,
137,2018-12-06,3.7,1.9,800,6.8,1342,,,,,,.4,9.8,320,2305,6.2,320,2313,2.6,2272,-2.3,46,2347,65.9,5.2,1010.1,1024,2354,1019.6,1405,1022.1,9.8,2.5,,,,,,,,,8.6,3.8,5.3,-.2,,,,,,,,,,,,,
137,2018-12-07,-3.5,-6.8,2350,3,1,,,,,,,13.9,270,544,8.3,270,508,4.2,3625,-17.5,19,1355,34,1.6,1018,1033.5,2232,1023.9,3,1030.5,9.8,8.1,,,,,,,,,3.5,1,.9,-9.3,,,,,,,,,,,,,
137,2018-12-08,-5.7,-8.9,541,-2,1220,,,,,,,9.7,270,1300,5.1,320,1207,2.4,2089,-17.4,25,1239,40.4,1.6,1020.3,1034.4,2236,1031.2,1347,1032.8,9.8,6.4,,,,,,,,,4.1,.6,-2.3,-11.9,,,,,,,,,,,,,
137,2018-12-09,-4.7,-9.2,726,.2,1451,,,,,,,7.8,270,526,4.8,270,328,3,2594,-19,21,1318,33.3,1.4,1023,1038,1000,1033.6,1549,1035.5,9.8,7.6,,,,,,,,,2.4,.9,-2.3,-11.4,,,,,,,,,,,,,
137,2018-12-10,-2.8,-8.6,756,4.7,1441,,,,,,,5.6,230,223,2.5,230,118,1,883,-15.3,14,1334,39.9,1.9,1021.7,1036.9,953,1032.3,1423,1034.1,9.7,8.2,,,,,,,,,1.5,.5,-1.4,-12.4,,,,,,,,,,,,,
137,2018-12-11,-1.2,-5.1,124,1.5,2000,,,,,,5.8,5.4,230,2344,2.9,270,2356,.8,692,-4.1,60,537,81.1,4.7,1016.1,1033.2,216,1025.3,1523,1028.4,9.7,0,,,,,,,,,9.5,6.9,-.2,-8.4,,,,,,,,,,,,,
137,2018-12-12,-1.1,-3.8,2115,2,1520,,,,,,,7.6,270,920,4.2,270,626,2.5,2201,-9.4,27,1610,55.6,3.1,1016.7,1030.6,2254,1026.2,158,1029,9.7,8.2,,,,,,,,,.1,0,.4,-5.2,,,,,,,,,,,,,
137,2018-12-13,-1.3,-6.5,622,4.2,1324,,,,,,.2,11.3,290,1906,6.4,270,1846,2.3,2029,-8.2,40,1920,59.8,3.4,1017,1032.7,2347,1025.4,1354,1029.3,9.7,4.6,,,,,,,,,3.5,2.9,.5,-8.2,,,,,,,,,,,,,
137,2018-12-14,-2.4,-5.8,607,2.5,1442,,,,,,,8,250,730,4.5,250,737,2.4,2037,-13.5,29,1515,43.1,2.2,1022.1,1036.5,953,1032.7,1,1034.6,9.7,8.3,,,,,,,,,.4,0,-.5,-10.2,,,,,,,,,,,,,
137,2018-12-15,-3.2,-10.5,754,4.8,1508,,,,,,,4.9,200,57,2.5,230,58,.9,804,-11.5,27,1748,55.3,2.5,1019.9,1036.2,918,1027.6,2359,1032.4,9.7,7.5,,,,,,,,,3.4,1.5,-1.5,-12,,,,,,,,,,,,,
137,2018-12-16,-.6,-5.4,118,4.2,2359,,,,,,.1,5,250,2358,2.1,200,2326,.7,570,-5,61,1113,72,4.3,1009.1,1027.8,1,1017.3,2355,1021.3,9.7,2.5,,,,,,,,,7,5.3,-.1,-8.1,,,,,,,,,,,,,
137,2018-12-17,4.2,2.2,2327,7.3,1244,,,,,,,11.1,270,1407,6.5,270,1416,2.8,2456,-6,21,1323,51.1,4.1,1006,1020.6,2332,1015.6,422,1017.9,9.7,7.5,,,,,,,,,2.4,1.9,1.1,-2.7,,,,,,,,,,,,,
137,2018-12-18,2.9,-.9,705,7.8,1154,,,,,,,9.8,320,1241,5.4,270,1241,2,1759,-4.7,38,1322,58.6,4.3,1009.1,1022.2,912,1019.8,1349,1021.1,9.7,6.2,,,,,,,,,2.5,1,1.7,-6.6,,,,,,,,,,,,,
137,2018-12-19,5.5,-2,326,12,1359,,,,,,,9.2,200,1516,5.2,250,1114,1.9,1678,-2.4,30,1450,60,5.2,1009,1022,937,1019.4,1456,1020.8,9.7,7.5,,,,,,,,,4.9,3.5,3,-6.6,,,,,,,,,,,,,
137,2018-12-20,2.3,-2.3,2356,8.9,1538,,,,,,,3.1,290,2241,1.9,290,2249,.6,493,-3.4,31,1618,67.3,4.8,1011.7,1025.9,2347,1021.1,26,1023.8,9.7,2.7,,,,,,,,,6,4.4,3,-8,,,,,,,,,,,,,
137,2018-12-21,2.5,-4.9,659,8.8,1417,,,,,,,3.7,340,2247,2.2,340,2250,.7,562,-4.1,32,1328,64.6,4.6,1012.1,1027,841,1021.7,1615,1024.2,9.7,5.6,,,,,,,,,2.6,2,1.9,-9.4,,,,,,,,,,,,,
137,2018-12-22,5.6,-.1,412,13.5,1426,,,,,,,5.6,230,554,2.7,230,554,.8,729,-1.1,36,1505,63.5,5.7,1010.8,1025.1,907,1020.8,1621,1022.7,9.7,8,,,,,,,,,3.5,1.6,4.3,-4.7,,,,,,,,,,,,,
137,2018-12-23,6.3,.9,2400,10.6,1200,,,,,,,12.6,320,1405,7,320,1618,3.3,2877,-7.2,17,1553,40.9,3.8,1011.2,1027,2331,1020.6,234,1023,9.7,7.7,,,,,,,,,3.5,1.5,4.6,-2.5,,,,,,,,,,,,,
137,2018-12-24,-.8,-4.4,2354,4.6,1427,,,,,,,8,270,1629,3.9,270,40,2.3,1982,-13.5,23,1532,38.9,2.2,1015,1030.3,919,1025.2,1438,1027.2,9.7,8.4,,,,,,,,,.6,.6,.2,-10.5,,,,,,,,,,,,,
137,2018-12-25,.1,-5.7,704,5.7,1445,,,,,,,5,270,1604,3.3,270,1544,1.3,1145,-8.2,39,1416,54.5,3.4,1012.5,1027.5,257,1022.6,1435,1024.7,9.7,2.9,,,,,,,,,7,4.1,-.2,-10.8,,,,,,,,,,,,,
137,2018-12-26,3.2,-1,2345,7.7,1328,,,,,,,7.7,250,2016,4.7,270,1857,2.7,2358,-11.2,14,1326,38,3,1011.3,1025.2,2340,1021.2,1456,1023.3,9.7,6.9,,,,,,,,,6.4,4.4,2.5,-2.6,,,,,,,,,,,,,
137,2018-12-27,-5.8,-8.7,2314,-1,1,,,,,,,11.4,290,1710,6.3,270,1335,4.3,3683,-23.7,10,1233,24.5,1,1015.3,1029.2,1019,1024.9,1,1027.8,9.7,8.4,,,,,,,,,2.1,1,-2.4,-11.4,,,,,,,,,,,,,
137,2018-12-28,-7.9,-10.9,722,-4,1453,,,,,,,9.7,250,2207,5.2,270,128,3.4,2936,-19.7,26,1624,39.3,1.3,1018.5,1033.5,2322,1028,42,1031.2,9.7,8.1,,,,,,,,,1,1,-4,-12.9,,,,,,,,,,,,,
137,2018-12-29,-5.6,-9.1,802,-1.5,1532,,,,,,,10.8,270,1347,5.9,270,1338,3.4,2904,-19.4,15,1320,35.1,1.4,1021.9,1036,2320,1032.2,1321,1034.5,9.7,8.3,,,,,,,,,0,0,-3.9,-12.6,,,,,,,,,,,,,
137,2018-12-30,-4.6,-8.9,740,1.1,1511,,,,,,,9,290,135,5.2,270,143,2.3,1989,-18.5,19,1421,34.8,1.5,1024.5,1039,2213,1035.2,1300,1037,9.7,8.3,,,,,,,,,3.4,2,-3.1,-11.6,,,,,,,,,,,,,
137,2018-12-31,-4.6,-12.8,804,4.4,1439,,,,,,,8.4,250,1734,5.4,270,1900,1.6,1419,-17.1,15,1458,41.8,1.6,1024.1,1039.7,916,1033.5,1612,1036.7,9.7,8.3,,,,,,,,,2.4,.6,-3.2,-19.2,,,,,,,,,,,,,
